id,type,content,c1,c2,c3,c4,answer
1,单选题,《铁路旅客运输规程》（铁运〔1997〕101号）规定，旅客是持有铁路（  ）的人和同行的免费乘车儿童。,车票,乘车卡,有效乘车凭证,乘车凭证,C
2,单选题,《铁路旅客运输规程》（铁运〔1997〕101号）规定，根据铁路货物运输合同（  ）为旅客。,托运人,押运货物的人,货主,押运人,B
3,单选题,《铁路旅客运输规程》（铁运〔1997〕101号）规定，随同成人旅行身高（  ）的儿童，享受半价客票、加快票和空调票。,1.0～1.3m,1.1～1.3m,1.1～1.4m,1.2～1.5m,D
4,单选题,《铁路旅客运输规程》（铁运〔1997〕101号）规定，国家铁路营业站的营业范围与国家铁路办理直通业务的其他铁路营业站的营业范围以（  ）为准。,《中华人民共和国铁路法》,《中华人民共和国道路交通法》,《铁路客运运价里程表》,《铁路客货运输专刊》,C
5,单选题,《铁路旅客运输规程》（铁运〔1997〕101号）规定，乘车免费携带品成人20千克、儿童10千克，长、宽、高相加不超过160厘米，乘动车组不超过（  ）厘米。,160,150,140,130,D
6,单选题,《铁路旅客运输规程》（铁运〔1997〕101号）规定，铁路旅客运输合同从售出车票时起成立，至按票面规定（  ）结束旅客出站时止，为合同履行完毕。,旅行,行程,旅途,运输,D
7,单选题,《铁路旅客运输规程》（铁运〔1997〕101号）规定，符合购买学生票条件的学生每年可享受家庭至院校（实习地点）之间（  ）次单程学生票。,1,2,4,6,C
8,单选题,《铁路旅客运输规程》（铁运〔1997〕101号）规定，没收危险品时，应向被没收人出具（  ）。,书面证明,没收危险品决定书,客运记录,收据,A
9,单选题,《铁路旅客运输规程》（铁运〔1997〕101号）规定，客运记录是指在旅客或行李、包裹运输过程中因特殊情况，（  ）之间需要记载某种事项或车站与列车办理业务交接的文字凭证。,承运人与旅客,承运人与托运人,承运人与收货人,承运人与旅客、托运人、收货人,D
10,单选题,《铁路旅客运输规程》（铁运〔1997〕101号）规定，为了维护铁路旅客运输的正常秩序，保护铁路各方当事人的合法权益，依据（  ）制定《铁路旅客运输规程》。,《中华人民共和国铁路法》,《中华人民共和国道路交通法》,《铁路客运运价里程表》,《铁路客货运输专刊》,A
11,单选题,《铁路旅客运输规程》（铁运〔1997〕101号）适用于中华人民共和国境内的（  ）公共运输。,旅客,铁路旅客和行李、包裹,货物,特种物资,B
12,单选题,《铁路旅客运输规程》（铁运〔1997〕101号）适用于（  ）旅客和行李、包裹公共运输。,中华人民共和国境内的铁路,国家铁路和合资铁路,国家铁路和地方铁路,国家铁路,A
13,单选题,《铁路旅客运输规程》（铁运〔1997〕101号）规定，铁路旅客运输合同从（  ）后成立，至按票面规定运输结束旅客出站时止为合同履行完毕。,检票进站,进入候车室,进站上车,售出车票,D
14,单选题,《铁路旅客运输规程》（铁运〔1997〕101号）规定，承运人与旅客、托运人、收货人因合同纠纷产生索赔的有效期为（  ）。,1个月,3个月,半年,1年,D
15,单选题,《铁路旅客运输规程》（铁运〔1997〕101号）规定，成人旅客免费携带品的最大重量为（  ）kg。,20,25,30,35,A
16,单选题,《铁路旅客运输规程》（铁运〔1997〕101号）规定，旅客要求退票，在票面发站开车前，特殊情况也可在开车后（  ）内，退还全部票价，核收退票费。,1小时,2小时,3小时,4小时,B
17,单选题,《铁路旅客运输规程》（铁运〔1997〕101号）规定，车票应在承运人或销售代理人的售票处购买。在有运输能力的情况下，承运人或销售代理人应按（  ）的要求发售车票。,旅客,购票人,货主,收货人,B
18,单选题,《铁路旅客运输规程》（铁运〔1997〕101号）规定，车票票价为旅客（  ）的适用票价。,购票日,乘车时,乘车日,乘车中,C
19,单选题,《铁路旅客运输规程》（铁运〔1997〕101号）规定，（  ）可凭书面证明购买学生票。,小学生,大学生,中学生,研究生,A
20,单选题,《铁路旅客运输规程》（铁运〔1997〕101号）规定，对旅客遗失物品应设法（  ）。,上缴,归还失主,上报铁路局,销毁,B
21,单选题,《铁路旅客运输规程》（铁运〔1997〕101号）规定，旅客须按票面载明的（  ）乘车，并在票面规定的有效期内到达到站。,发站、到站、席别,到站、票价、席别,票价、有效期、径路,日期、车次、席别,D
22,单选题,《铁路旅客运输规程》（铁运〔1997〕101号）规定，学生票是指（  ）。,硬座车的半价客票、加快票和空调票,半价客票和附加票,半价客票、加快票和空调票,硬座半价车票,A
23,单选题,《铁路旅客运输规程》（铁运〔1997〕101号）规定，一名成人旅客携带身高1.20米和身高1.50米儿童各一名，应该购买（  ）。,成人票2张，儿童票一张,成人票1张儿童票2张,成人票2张,成人票3张,B
24,单选题,《铁路旅客运输规程》（铁运〔1997〕101号）规定，一名成人旅客携带身高1.20米和身高1.51米儿童各一名，应该购买（  ）。,成人票2张，儿童票一张,成人票1张儿童票2张,成人票2张,成人票3张,A
25,单选题,《铁路旅客运输规程》（铁运〔1997〕101号）规定，一名成人旅客携带身高1.1米儿童2名和身高1.51米儿童1名，应该购买（  ）。,成人票2张，儿童票一张,成人票1张儿童票2张,成人票2张,成人票3张,A
26,单选题,《铁路旅客运输规程》（铁运〔1997〕101号）规定，通票的有效期从指定乘车日起到有效期最后一日的（  ）止计算。,12∶00,24∶00,0∶00,18∶00,B
27,单选题,《铁路旅客运输规程》（铁运〔1997〕101号）规定，附加票是客票的补充部分，可以与客票合并发售，但除（  ）外不能单独使用。,儿童,军人,学生,残疾人,A
28,单选题,《铁路旅客运输规程》（铁运〔1997〕101号）规定，（  ）的座别必须与成人票相同。,加快票,学生票,变径票,儿童票,D
29,单选题,《铁路旅客运输规程》（铁运〔1997〕101号）规定，持通票的旅客因病延长通票有效期时，卧铺票可办理（  ）手续。,延长,改签,换票,退票,D
30,单选题,《铁路旅客运输规程》（铁运〔1997〕101号）规定，旅客在无人售票的乘降所上车，在车内补票，（  ）。,适当核收手续费,加倍核收手续费,核收手续费,不收手续费,D
31,单选题,《铁路旅客运输规程》（铁运〔1997〕101号）规定，外交人员免费携带品的最大重量为（  ）。,20kg,25kg,30kg,35kg,D
32,单选题,《铁路旅客运输规程》（铁运〔1997〕101号）规定，对遗失物品应妥善保管，正确（  ）。,签付,验付,核付,交付,D
33,单选题,《铁路旅客运输规程》（铁运〔1997〕101号）规定，普通旅客列车免费携带品的体积，每件物品的外部尺寸长、宽、高之和不超过（  ）。,210cm,200cm,180cm,160cm,D
34,单选题,《铁路旅客运输规程》（铁运〔1997〕101号）规定，（  ）旅客必须在开车48h以前办理改晚乘车签证手续。,团体,重点,学生,军人,A
35,单选题,《铁路旅客运输规程》（铁运〔1997〕101号）规定，对旅客遗失物品应（  ），正确交付。,妥善保管,及时上报,广播寻找,张贴公告,A
36,单选题,《铁路旅客运输规程》（铁运〔1997〕101号）规定，普通旅客列车免费携带杆状物品长度不超过（  ）。,160cm,180cm,200cm,130cm,C
37,单选题,《铁路旅客运输规程》（铁运〔1997〕101号）规定，附加票是客票的补充部分，除（  ）外，不能单独使用。,老人,伤残军人,学生,儿童,D
38,单选题,《铁路旅客运输规程》（铁运〔1997〕101号）规定，一名成人旅客携带一名1.2米儿童要求购买软座车票应发售（  ）车票各一张。,全价软座和半价硬座,全价软座和半价软座,全价软卧和全价硬座,全价硬座和半价软座,B
39,单选题,《铁路旅客运输规程》（铁运〔1997〕101号）规定，对普通大、中专院校录取的新生，凭（  ）可买一次学生票。,学校书面证明,准考证,录取通知书,所在地教委证明,C
40,单选题,《铁路旅客运输规程》（铁运〔1997〕101号）规定，发售需要中转换车的加快票的中转站，还必须是有（  ）的车站。,普快始发,特快始发,同等级快车经过,同等级快车始发,D
41,单选题,《铁路旅客运输规程》（铁运〔1997〕101号）规定，等级是指同等距离以承运人提供的（  ）不同确定。,列车等级,乘车条件,列车设施,服务等级,B
42,单选题,《铁路旅客运输规程》（铁运〔1997〕101号）规定，因承运人责任，致使旅客退票时，在到站，退还（  ），不收退票费。未使用部分不足起码里程按起码里程计算。,已收票价与已使用部分票价差额,未使用部分票价差额,票价差额,部分票价,A
43,单选题,《铁路旅客运输规程》（铁运〔1997〕101号）规定，一旅客在发站办理改签时，改签后的车次票价高于原票价时，车站应核收（  ）。,票价差额,票价差额和手续费,补价费,等级差票价,A
44,单选题,《铁路旅客运输规程》（铁运〔1997〕101号）规定，因特殊情况开车后退票必须在（  ）办理。,购票地车站或票面发站,票面发站或购票代售点,车站,购票地车站或列车到站,A
45,单选题,《铁路旅客运输规程》（铁运〔1997〕101号）规定，对必须持证购买的减价票和各种乘车证的旅客，应当核对（  ）。,相应的证件,相应的证明,相应的工作证,相应的身份证,A
46,单选题,《铁路旅客运输规程》（铁运〔1997〕101号）规定，旅客不能按票面指定的日期、车次乘车时应当在票面指定的日期、车次开车前办理（  ）提前或推迟乘车签证手续。,两次,一次,三次,无数次,B
47,单选题,《铁路旅客运输规程》（铁运〔1997〕101号）规定，对于在列车内寻衅滋事，扰乱公共秩序的旅客，列车工作人员可（  ）下车。,责令,强制,命令,通告,A
48,单选题,《铁路旅客运输规程》（铁运〔1997〕101号）规定，线路中断后，旅客买票绕道乘车时，按（  ）计算票价。,实际径路,指定径路,变径,近径路,A
49,单选题,《铁路旅客运输规程》（铁运〔1997〕101号）规定，持通票的旅客要求变径时，原票价高于变径后票价时，应（  ）。,票价不退，换发新票,编记录到站退还票价差额,持原票乘车有效，差额部分（包括列车等级不符的差额）不予退还,换发代用票，核收手续费,C
50,单选题,《铁路旅客运输规程》（铁运〔1997〕101号）规定，承运人有义务为旅客提供良好的旅行环境和服务设施，不断提高服务质量，（  ）地为旅客服务。,安全正点,文明礼貌,诚实守信,全心全意,B
51,单选题,《铁路旅客运输办理细则》（铁运〔1997〕103号）规定，要本着（  ）的原则，坚持人民铁路为人民的服务宗旨，周到热情为旅客服务。,以站保车,全心全意为旅客服务,旅客至上,以人为本,C
52,单选题,《铁路旅客运输办理细则》（铁运〔1997〕103号）规定，通学的小学生不论身高多少，均按（  ）办理。,成人票,半价票,儿童票,学生票,D
53,单选题,《铁路旅客运输办理细则》（铁运〔1997〕103号）规定，“没有工资收入的学生”，是指没有固定工资收入的学生。学生有无工资收入，由（  ）确定，铁路凭学校发给的减价优待证售票。,学生,铁路局,国务院铁路主管部门,学校,D
54,单选题,《铁路旅客运输办理细则》（铁运〔1997〕103号）规定，代用票人数栏分别全价、半价、儿童栏内用大写字体填写，不用栏用（  ）划消。,“*”,“#”,“\”,“/”,B
55,单选题,《铁路旅客运输办理细则》（铁运〔1997〕103号）规定，分乘与旅行变更同时发生时，按（  ）核收一次手续费。,变更次数,变更人数,变更张数,分乘张数,B
56,单选题,《铁路旅客运输办理细则》（铁运〔1997〕103号）规定，普通大、专院校，中、小学和中等专业学校、技工学校，是指符合政府教育部门所规定的（  ）等制度并经相应级别的教育机关注册的院校。,年限和课程,学期和课程,年限、学期和课程,年限和学期,C
57,单选题,《铁路旅客运输办理细则》（铁运〔1997〕103号）规定，发售去边境地区的车票时，应要求旅客出示国务院铁路主管部门、公安部规定的边境居民证、身份证或（  ）。,边境工作证,边境通行证,边境证明书,边境准许证,B
58,单选题,《铁路旅客运输办理细则》（铁运〔1997〕103号）规定，承运行李应要求旅客出具（  ）。,车票,行李票,包裹票,附加票,A
59,单选题,《铁路旅客运输办理细则》（铁运〔1997〕103号）规定，线路中断，铁路组织已购票的被阻旅客换乘其他列车绕道运输变更座席、铺位时，（  ）。,补收或退还差额,不补不退,只补不退,只退不补,A
60,单选题,《铁路旅客运输服务质量规范》规定，除普小型车站外，站台地面标示站台安全线，内侧铺设（）。,黄色安全线,提示盲道,上下车指示线,安全线,B
61,单选题,《铁路旅客运输服务质量规范》规定，换乘客流大的车站根据需要设置（），配备相应的设备和引导标志。,换乘专线,站内换乘专线,站内换乘流线,换乘通道,C
62,单选题,《铁路旅客运输服务质量规范》规定，安全培训有计划，（），有考核。 ,有安排,有记载,有落实,有评比 ,B
63,单选题,《铁路旅客运输服务质量规范》规定，应急预案培训和演练，有记录，（），有考核。,有安排,有结果,有图片,有评比 ,B
64,单选题,《铁路旅客运输服务质量规范》规定，对旅客、货主称呼恰当，不能用（）。,小朋友,先生、女士,小姐,同志,C
65,单选题,《铁路旅客运输服务质量规范》规定，服务语言表达规范、准确，不使用（）服务用语。,请,谢谢,对不起,你好,D
66,单选题,《铁路旅客运输服务质量规范》规定，车站视频监控系统的录像资料留存时间最少不少于（）天。,60,30,15,10,C
67,单选题,《铁路旅客运输服务质量规范》规定，客运人员每人配置具备录音功能的手持电台和（），其他岗位按需配备，作用良好。,录音设备,音视频记录仪,通讯设备,站车无线交互系统终端,B
68,单选题,《铁路旅客服务质量规范》按（）将普速车站分为大型站、中型站、小型站。,建筑规模,车站大小,车站等级,客流量 ,C
69,单选题,《铁路旅客服务质量规范》按（）将高铁车站分为高铁中型及以上车站、高站小型车站。,建筑规模,车站大小,车站等级,客流量 ,A
70,单选题,《铁路旅客运输服务质量规范》规定，鞋跟高度（），跟径（）。,不超过3.3厘米、不少于3.5厘米,不超过3.3厘米，不小于3.3厘米,不超过3.5厘米，不小于3.5厘米,不超过3.5厘米、不少于3.3厘米 ,C
71,单选题,《铁路旅客运输服务质量规范》中规定，表情自然，态度和蔼，（），举止得体，庄重大方。,用语文明,语言规范,谈吐大方,面带微笑,A
72,单选题,《铁路旅客运输服务质量规范》规定，有存放票据、现金的处所和设备，具备防潮、（）、防盗、监控和报警功能。 ,防鼠,防虫,防火,防爆,A
73,单选题,《铁路旅客运输服务质量规范》规定，图形标志符合标准，齐全醒目，（），安装牢固，内容规范，信息准确。 ,位置适宜 ,位置明显,位置恰当,位置突出,C
74,单选题,《铁路旅客运输服务质量规范》规定，胸章牌戴于左胸口袋上方正中，下边沿距口袋（）厘米处（无口袋的戴于相应位置）。,2,1,3,4,B
75,单选题,《铁路旅客运输服务质量规范》规定，胸章牌（长方形职务标志）包含（）等内容。,单位、姓名、工号,姓名、职务、工号,单位、姓名、工号,单位、姓名、职务、工号,D
76,单选题,《铁路旅客运输服务质量规范》规定，指甲长度不超过指尖（）毫米。,1,2,3,4,B
77,单选题,《铁路旅客运输服务质量规范》规定，女性还可佩戴发夹、发箍或头花及一副直径不超过（）毫米的耳钉。,1,2,3,4,C
78,单选题,《铁路旅客运输服务质量规范》规定，女性短发不短于（）厘米。,6,7,8,9,B
79,单选题,《铁路旅客运输服务质量规范》规定，各服务处所按规定开展“消毒、杀虫、（）”工作。,灭鼠,灭蝇,灭蚊,灭蟑螂,A
80,单选题,《铁路旅客运输服务质量规范》规定，与旅客走对面时，（），不与旅客抢行。,面向旅客侧身让行,主动让路,主动让路，面向旅客侧身让行,主动让路，面向旅客让行,C
81,单选题,《铁路旅客运输服务质量规范》中规定，发生设备故障立即报告，及时维修，影响旅客使用时（）。,表示歉意,设有提示,有防护措施,有补救措施,B
82,单选题,《铁路旅客运输服务质量规范》规定，候车区、行包营业厅照明照度不低于（）勒克斯。,200,150,100,50,C
83,单选题,《铁路旅客运输服务质量规范》规定，客运人员持有效上岗证，经过（）。,岗中安全、技术业务培训合格,岗前安全、技术业务培训,岗前安全培训,岗前安全、技术业务培训合格,D
84,单选题,《铁路旅客运输服务质量规范》由（）负责解释。,中国铁路总公司运输局,中国铁路总公司,国务院铁路主管部门,,A
85,单选题,《铁路旅客运输服务质量规范》规定，安全设备设施配备（），作用良好。,齐全,到位,完好,齐全到位,D
86,单选题,《铁路旅客运输服务质量规范》，对旅客咨询、求助、投诉，实行（）。,首问首诉负责制,首问负责制,首诉负责制,首帮负责制,A
87,单选题,《铁路旅客运输服务质量规范》文明服务要求，指甲修剪整齐，长度不超过指尖（）。,1毫米,2毫米,3毫米,4毫米,B
88,单选题,"《铁路旅客运输服务质量规范》文明服务要求，按（）换装统一,衣扣拉链整齐。",工种,季节,要求,岗位,D
89,单选题,"《铁路旅客运输服务质量规范》文明服务要求,女性（），保持妆容美观，不浓妆艳抹，不染彩色指甲。",面带微笑,妆容整洁,淡妆上岗,仪容整洁,C
90,单选题,《普速大型车站服务质量规范》要求，票据填写规范，内容准确、无涂改，按规定加盖（）。,站名戳或名章,站名戳和名章,站名戳,名章,B
91,单选题,《普速大型车站服务质量规范》要求，有应急预案（），有记录，有结果，有考核。,培训,演练,培训和演练,处置,C
92,单选题,《铁路旅客运输服务质量规范》规定，车站停止检票前，通告（），无漏乘。,候车室,候车室、站台,候车室、检票口,站台、检票口,A
93,单选题,《铁路旅客运输服务质量规范》规定，车站停止检票时，关闭检票口，通告（）。,候车室,候车室和站台,候车室、检票口,站台、检票口,B
94,单选题,《普速小型车站服务质量规范》规定，售票窗口关窗时间不早于本站最后一趟列车办理客运业务后（）。,10分钟,20分钟,30分钟,1小时,B
95,单选题,《普速小型车站服务质量规范》规定，售票窗口开窗时间不晚于客车到达前（）。,10分钟,20分钟,30分钟,1小时,C
96,单选题,《铁路旅客运输服务质量规范》规定，始发列车检票时间不晚于开车前（）分钟。,45,40,35,30,D
97,单选题,《铁路旅客运输服务质量规范》规定，按规定实行实名制验证，核验（）的一致性。,车票、有效身份证件、旅客,车票、有效身份证件原件、旅客 ,车票、身份证件原件、旅客 ,有效身份证件原件、旅客 ,B
98,单选题,《铁路旅客运输服务质量规范》规定，工作时间内暂停售票时设有（）。,提示 ,开窗时间,售票时间,公告,A
99,单选题,《铁路旅客运输服务质量规范》规定，进站口有提前（）检票时间的提示。,停止,3分钟停止,4分钟停止,5分钟停止 ,A
100,单选题,《铁路旅客运输服务质量规范》规定，普速车站（）打响开车铃。 ,2分钟 ,3分钟,4分钟,开车时间前,D
101,单选题,《铁路旅客运输服务质量规范》规定，高铁车站：开车时间前（）秒打响开车铃，铃声时长（）秒。 ,20、10,30、10,20、15,30、15,B
102,单选题,《普速中型车站服务质量规范》规定，普速中型车站：指办理普速旅客列车客运业务的（）车站。 ,一、二等,二、三等  ,三、四等,四、五等 ,B
103,单选题,《普速小型车站服务质量规范》规定，普速小型车站：指办理普速旅客列车客运业务的（）等车站。,一、二等,二、三等  ,三、四等,四、五等 ,D
104,单选题,《普速大型车站服务质量规范》规定，普速大型车站：指办理普速旅客列车客运业务的（）车站。,特、一等,一、二等,二、三等  ,三、四等,A
105,单选题,《铁路旅客运输服务质量规范》规定，（）不用佩戴职务标志。,客运员,售票员,客运值班员,广播员,B
106,单选题,《铁路旅客运输服务质量规范》规定，售票窗口、自动售（取）票机前设置黄色“一米线”，宽度（）厘米。,5,15,10,20,C
107,单选题,《铁路旅客运输服务质量规范》规定，售票窗口工号牌或电子屏不显示售票人员（）信息。,姓名,职务,工号,照片,B
108,单选题,《铁路旅客运输服务质量规范》规定，旅服系统不包括（）。,售票系统,自动检票系统,导向系统,广播系统,A
109,单选题,《铁路旅客运输服务质量规范》规定，高铁车站确认列车旅客乘降、上水、吸污和高铁快运、餐车物品装卸作业完毕后，使用无线对讲设备通知（）与客运有关的作业完毕。,列车员,列车长,司机,站台客运人员,B
110,单选题,《铁路旅客运输服务质量规范》规定，售票处、问讯处（服务台）、软席候车室、高铁快运营业场所照明照度不低于（）勒克斯。,200,150,100,50,B
111,单选题,《铁路旅客运输服务质量规范》规定，检票口附近等方便的区域设置（）标志的重点旅客候车专座。,黄色,红色,兰色,紫色,A
112,单选题,《铁路旅客运输服务质量规范》规定，普速列车晚点（）分钟以上时，根据调度通报，车站要公告列车晚点信息，说明晚点原因、预计晚点时间。,15,20,30,40,C
113,单选题,《铁路旅客运输服务质量规范》规定，高铁车站列车晚点（）分钟以上时，根据调度通报，公告列车晚点信息，说明晚点原因、预计晚点时间。,15,20,30,40,A
114,单选题,《铁路旅客运输服务质量规范》规定，列车晚点广播每次间隔时间不超过（）分钟。,10,15,30,60,C
115,单选题,《铁路旅客运输服务质量规范》要求，（），保障重点旅客服务。,重点关注，优先照顾,态度和蔼，重点关注,重点关注,文明服务,A
116,单选题,《铁路旅客运输服务质量规范》规定，落地玻璃前有（）。,图形标志,安全标志,防撞装置和警示图形标志,防撞装置或警示图形标志,C
117,单选题,《铁路旅客运输服务质量规范》规定，客运值班员、售票值班员、客运计划员、广播员、综控室操作人员必须从事客运服务工作满（）年。,1,2,3,4,B
118,单选题,《铁路旅客运输服务质量规范》规定，自动售（取）票机及时补充（）。,票据,零钞,凭条,以上都是,D
119,单选题,《铁路旅客运输服务质量规范》规定，根据需求为特殊重点旅客提供帮助，有（），有（），有（）。,服务，交接，登记,了解，服务，通报,礼貌，沟通，服务,服务，交接，通报,D
120,单选题,《铁路旅客运输服务质量规范》规定，（）是指依靠辅助器具才能行动等需特殊照顾的重点旅客。,特殊旅客,特殊重点旅客,病残旅客,重点旅客,B 
121,单选题,《铁路旅客运输服务质量规范》规定，动车组列车指由若干（）的车辆已固定编组组成、两端设有司机室的一组列车。,带动力,不带动力,个动车组,带动力和不带动力,D
122,单选题,根据《铁路旅客运输服务质量规范》客运组织要求，售票窗口和自动售（取）票机设置、开放的数量适应（）。,客发量,客流量,票厅面积,旅客需求,B
123,单选题,《铁路旅客运输服务质量规范》规定，重点关注，优先照顾，（）。,保障特殊重点旅客服务,保障重点旅客服务,保障重点旅客,保障特殊重点旅客,B
124,单选题,《铁路旅客运输服务质量规范》规定，按规范设置无障碍设施设备，售票厅设（）（普速小型车站除外）。,残疾旅客售票窗口,无障碍售票窗口,重点旅客窗口,特殊旅客售票窗口,B
125,单选题,《铁路旅客运输服务质量规范》规定，工作时间内暂停售票时设有提示。用餐或交接班时间实行（）售票。,错时暂停,错时,暂停,定时暂停,A
126,单选题,《中国铁路上海局集团有限公司普速铁路客运非正常情况应急处置办法》（上铁客〔2018〕354号）规定，旅客列车晚点1小时以上，并（）以上属于大面积晚点。,8列,10列,12列,14列,B
127,单选题,《中国铁路上海局集团有限公司普速铁路客运非正常情况应急处置办法》（上铁客〔2018〕354号）规定，直通旅客列车晚点（）以上属于严重晚点。,2小时,1.5小时,1小时,0.5小时,A
128,单选题,《中国铁路上海局集团有限公司高速铁路客运非正常情况应急处置办法》（上铁客〔2018〕355号)规定，动车组列车晚点时，站车广播要加大宣传频次，耐心做好旅客解释工作，每次致歉宣传间隔时间不超过（）。,20分钟,30分钟,40分钟,60分钟,B
129,单选题,《中国铁路上海局集团有限公司高速铁路客运非正常情况应急处置办法》（上铁客〔2018〕355号)规定，列车运行晚点超过（）时，列车长要及时与司机联系，了解晚点原因和列车运行情况，车站应向集团公司调度了解情况。,15分钟,20分钟,30分钟,45分钟,A
130,单选题,《中国铁路上海局集团有限公司高速铁路客运非正常情况应急处置办法》（上铁客〔2018〕355号)规定，动车组列车晚点（）以上且逢用餐点时，站车应免费为旅客提供饮食品。,30分钟,1小时,2小时,3小时,B
1,多选题,《铁路旅客运输规程》（铁运〔1997〕101号）规定，（  ）是旅客。,持伪造车票的人,持铁路有效乘车凭证的人,和旅客同行的免费乘车儿童,根据铁路货物运输合同押运货物的人,BCD
2,多选题,《铁路旅客运输规程》（铁运〔1997〕101号）规定，旅客的基本权利是（  ）。,对运送期间发生的身体损害有权要求承运人赔偿,依据车票票面记载内容乘车,对运送期间因承运人的过错造成的随身携带物品的损失有权要求承运人赔偿,要求承运人提供与车票等级相适应的服务并保障其旅行安全,ABCD
3,多选题,《铁路旅客运输规程》（铁运〔1997〕101号）规定，（  ）不可以发售学生票。,学生周某上学一年后被学校开除，想购买学生票回家,学生毛某学生优惠磁卡消磁,学生母亲在学校陪读，学生想回家探望父亲的,学生从家想购买学生票到实习地点时,ABC
4,多选题,《铁路旅客运输规程》（铁运〔1997〕101号）规定，购买以下（  ）车票需要提供相应的凭证。,儿童票,残疾军人票,学生票,残疾人专用票,BCD
5,多选题,《铁路旅客运输规程》（铁运〔1997〕101号）规定，客票部分包括（  ）。,软座,二等座,无座,硬座,AD
6,多选题,《铁路旅客运输规程》（铁运〔1997〕101号）规定，承运人优先安排的团体旅客应乘车日期、车次、（  ）相同。,到站,票种,座别,席别,AC
7,多选题,《铁路旅客运输规程》（铁运〔1997〕101号）规定，旅客的基本义务是（  ）。,支付运输费用，当场核对票、款，妥善保管车票，保持票面信息完整可识别,遵守国家法令和铁路规章制度，听从铁路车站、列车工作人员的引导，按照车站的引导标志进、出站,对损害他人利益和铁路设备设施的行为有权制止、消除危害和要求赔偿,对所造成的铁路或者其他旅客的损失予以赔偿,ABD
8,多选题,《铁路旅客运输规程》（铁运〔1997〕101号）规定，（  ）不是旅客的基本权利。,旅客在列车上不小心将自己钱包丢失，要求赔偿,旅客乘坐空调列车因设备故障一个区间内未享受到空调，要求退还相应空调票价,旅客购买的软卧车票，上车后发现列车已经出售了其铺位，要求安排同等级的铺位,旅客因为着急赶火车，发生车祸，要求铁路赔偿医药费,AD
9,多选题,《铁路旅客运输规程》（铁运〔1997〕101号）规定，（  ）可以发售学生票。,学生往返于家庭与院校之间,学生往返于家庭与实习地点之间,学生因休学、转学、退学时,学生往返于院校与实习地时,AB
10,多选题,《铁路旅客运输规程》（铁运〔1997〕101号）规定，铁路旅客运输合同从（  ）时起成立，至按（  ）规定运输结束旅客出站时止，为合同履行完毕。,上车,进站,售出车票,票面,CD
11,多选题,《铁路旅客运输规程》（铁运〔1997〕101号）规定，车票票面主要应当载明径路、票价、车次、（  ）。,发站和到站站名,座别、卧别,乘车日期,有效期,ABCD
12,多选题,《铁路旅客运输规程》（铁运〔1997〕101号）规定，旅客减价票包括（  ）。,儿童票,学生票,伤残军人票,团体旅客优惠票,ABC
13,多选题,《铁路旅客运输规程》（铁运〔1997〕101号）规定，下列情况不发售学生票（  ）。,学生往返于学校与实习地点时,学生证未按时办理学校注册的,学生证优惠乘车区间更改但未加盖学校公章的,没有“学生火车票优惠卡”的,ABCD
14,多选题,《铁路旅客运输规程》（铁运〔1997〕101号）规定，凡20人以上（  ）的旅客集体乘车时为团体旅客，即可发售团体旅客票。,乘车日期,到站,车次,座别,ABCD
15,多选题,《铁路旅客运输规程》（铁运〔1997〕101号）规定，发生线路中断旅客要求退票时，（  ）不退。,卧铺票,附加票,因违章加收部分,已使用至到站的车票,CD
16,多选题,《铁路旅客运输规程》（铁运〔1997〕101号）规定，（  ）不能办理退票。,站台票,失效车票,改签后车票,开车后改签的车票,ABD
17,多选题,《铁路旅客运输规程》（铁运〔1997〕101号）规定，（  ）不准带入车内。,国家禁止或限制运输的物品,能够损坏或污染车辆的物品,动物,妨碍公共卫生的物品,ABCD
18,多选题,《铁路旅客运输规程》（铁运〔1997〕101号）规定，持（  ）可享受半价客票和附加票。,中华人民共和国伤残人民警察证,参战民兵残废证,中华人民共和国残疾军人证,革命工作人员残废证,AC
19,多选题,《铁路旅客运输规程》（铁运〔1997〕101号）规定，下列正确的是（  ）。,退还带有“行”字戳迹的车票时，应先办理行李变更手续,因特殊情况经站长同意在开车后2小时内改签的车票不退,站台票售出不退,旅客开始旅行后车票不退,ABC
20,多选题,《铁路旅客运输规程》（铁运〔1997〕101号）规定，有下列（  ）行为时，除按规定补票，核收手续费以外，并须加收已乘区间应补票价50%的票款。,持用伪造或涂改的车票乘车,持用低等级的车票乘坐高等级列车、铺位、座位时,旅客持半价票没有规定的减价凭证或不符合减价条件时,应买票而未买票的儿童,ABC
21,多选题,《铁路旅客运输规程》（铁运〔1997〕101号）规定，（  ）不收退票费。,挂失补车票退票,误售车票退票,为救助管理站办理受助人员退票,22日12:00开车的车票当月8日12：00退票,ABC
22,多选题,《铁路旅客运输规程》（铁运〔1997〕101号）规定，有下列（  ）情况时只补收票价，核收手续费。,经站、车同意上车补票的,持用低等级的车票乘坐高等级列车、铺位、座位时,旅客持半价票没有规定的减价凭证或不符合减价条件时,主动补票的,AD
23,多选题,《铁路旅客运输办理细则》（铁运〔1997〕103号）规定，普通大、专院校，是指符合政府教育部门所规定的年限、学期和课程等制度并经相应级别的教育机关注册的院校，不包括各类（  ）。,职工大学,电视大学,业余广播大学,函授学校,ABCD
24,多选题,《铁路旅客运输办理细则》（铁运〔1997〕103号）规定，（  ）等，均不能享受减价待遇。,革命工作人员残废证,参战民兵,中华人民共和国残疾军人证,民工残废证,ABD
25,多选题,《铁路旅客运输办理细则》（铁运〔1997〕103号）规定，线路中断停止运行站和被阻列车应在车票背面注明“（  ）”字样或贴同样内容的小条。,日期,原因,返回××站,人数,ABC
26,多选题,《铁路旅客运输办理细则》（铁运〔1997〕103号）规定，遗失物品中（  ）不办理转送。,国家禁止运输的物品,机要文件,鲜活易腐物品,危险品,ABCD
27,多选题,《铁路旅客运输办理细则》（铁运〔1997〕103号）规定，发生线路中断旅客要求退票时，（  ）不退。,卧铺票,附加票,因违章加收部分,已使用至到站的车票,CD
28,多选题,《铁路旅客运输办理细则》（铁运〔1997〕103号）规定，为测量儿童的身高，在（  ）应涂有测量儿童身高的标准线。,售票窗口,检票口,出站口,列车端门口,ABCD
29,多选题,《铁路旅客运输办理细则》（铁运〔1997〕103号）规定，旅客运输组织工作要从方便旅客出发，全面安排，按照（  ）的原则，合理、经济地使用运输能力，均衡地组织运输。,长短途列车分工,换乘优先,保证重点,长途列车优先,ABC
30,多选题,《铁路旅客运输办理细则》（铁运〔1997〕103号）规定，代用票记事栏内记载下列事项：（  ）。,发售学生票时，记载“学”字,发售包车时，注明包车的车种、车号和定员数,办理团体票时，注明团体旅客证的起止号,在列车上发生退款时，应注明“到站净退××元”,ABCD
31,多选题,《铁路旅客运输办理细则》（铁运〔1997〕103号）规定，车站对进站人员进行检票时，（  ）应加剪后交给旅客。,市郊定期客票,计算机票,代用票,区段票,BCD
32,多选题,《铁路旅客运输办理细则》（铁运〔1997〕103号）规定，旅客因（  ）需送回时，列车长应编制客运记录交前方停车站。,误售,误购,误乘,坐过了站,ABCD
33,多选题,《铁路旅客运输办理细则》（铁运〔1997〕103号）规定，对于在列车内（  ）被列车工作人员责令下车的旅客，列车应编制客运记录交车站。,无票乘车,寻衅滋事,扰乱公共秩序,越席,BC
34,多选题,《铁路旅客运输办理细则》（铁运〔1997〕103号）规定，遗失物品中的（  ）应立即移交公安机关或有关部门处理，不办理转送。,危险品,国家禁止或限制运输的物品,机要文件,珍贵文物,ABC
35,多选题,《铁路旅客运输服务质量规范》规定，遇（）时，应及时报告（通知）公安机关。,旅客死亡,突发疾病,发现弃婴,发现流浪乞讨人员,ACD
36,多选题,《铁路旅客运输服务质量规范》规定，男性客运工作人员头发（）。,不理奇异发型、不烫发,不遮盖眉毛、耳朵,鬓角不得超过耳垂底部,短发不短于7厘米,ABC
37,多选题,《铁路旅客运输服务质量规范》规定，女性客运工作人员（）。,面部、双手保持清洁,指甲修剪整齐，不染彩色指甲,无纹身,不浓妆艳抹,ABD
38,多选题,《铁路旅客运输服务质量规范》规定，客运工作人员允许佩戴的饰物包括（）。,手表一只,戒指一枚,项链一根,耳钉一副,AB
39,多选题,《铁路旅客运输服务质量规范》规定，客运人员的禁止行为，包括（）。,接班前食用异味食品,在工作场所嬉笑打闹,在旅客面前吃食物、吸烟、剔牙齿,对旅客评头论足,ABCD
40,多选题,《铁路旅客运输服务质量规范》规定，（）设置的垃圾箱（桶）上有烟灰盒（普速小型车站外）。,落客平台,售票厅,候车室,站台,AD
41,多选题,《铁路旅客运输服务质量规范》规定，（）应当公布12306客服电话。,售票处,进站大厅（集散厅）,候车区,出站口,AC
42,多选题,《铁路旅客运输服务质量规范》规定，客运工作人员应具备的业务素质包括（）。,熟知本岗位业务知识和职责,熟练使用本岗位相关设备设施,掌握本岗位应急处置作业流程,具备应对突发事件的能力,ABCD
43,多选题,《铁路旅客运输服务质量规范》中规定的重点旅客是指（）。,老、弱,病、残,孕,老、幼,BCD
44,多选题,《铁路旅客运输服务质量规范》规定，（）设有儿童票标高线。,售票处,补票处,候车区（室）,出站检票处,ABCD
45,多选题,《铁路旅客运输服务质量规范》规定，在售票醒目位置公布（）。,售票时间,停售时间,停检时间,交接班时间,AB
46,多选题,《铁路旅客运输服务质量规范》规定，车站检票时，对（）的人员按规定拒绝进站、乘车。,无票,日期车次不符,减价不符,票证人不一致,ABCD
47,多选题,《铁路旅客运输服务质量规范》规定，（）须从事客运服务工作满2年。,客运值班员,广播员,综控室操作人员,售票值班员,ABCD
48,多选题,《铁路旅客运输服务质量规范》规定，（）车站售票窗口日常排队不超过20人。,高铁中型及以上,高铁小型,普速大型,普速中型,ABCD
49,多选题,《铁路旅客运输服务质量规范》规定，售票窗口配备桌椅、计算机（）、保险柜、验钞机等售票设备。,制票机,居民身份证阅读器,双向对讲器,窗口屏,ABCD
50,多选题,《铁路旅客运输服务质量规范》规定，发售学生票、残疾军人票的窗口配备（）识读器。,学生优惠卡,残疾军人证,扫描枪,银行卡,AB
51,多选题,《铁路旅客运输服务质量规范》规定，售票处办理售票、退票、改签、换票（）等业务。,取票,变更到站,挂失补办,中转签证,ABCD
52,多选题,《铁路旅客运输服务质量规范》规定，售票处发售（）等各种车票。,学生票,残疾军人票,乘车证签证,电子客票,ABC
53,多选题,《铁路旅客运输服务质量规范》规定，对重点旅客做到“三优先”是指（）。,优先购票,优先进站,优先中转换乘,优先检票上车,ABD
54,多选题,《铁路旅客运输服务质量规范》规定，对特殊重点旅客服务做到“三有”是指（）。,有登记,有服务,有交接,有通报,BCD
55,多选题,《铁路旅客运输服务质量规范》规定，遇非正常情况时，及时启动应急预案，（）等善后工作。,掌握售票、候车及旅客滞留情况,维持站内秩序,准确通报信息,做好咨询、解释、安抚,ABCD
1,填空题,《铁路旅客运输规程》（铁运〔1997〕101号）规定，为了维护铁路旅客运输的正常秩序，保护铁路旅客运输合同各方当事人的合法权益，依据<--NRC-->制定《铁路旅客运输规程》。,,,,,《中华人民共和国铁路法》
2,填空题,《铁路旅客运输规程》（铁运〔1997〕101号）规定，国家铁路营业站的营业范围和与国家铁路办理直通运输业务的其他铁路营业站的营业范围以<--NRC-->为准。,,,,,《铁路客运运价里程表》
3,填空题,《铁路旅客运输规程》（铁运〔1997〕101号）规定，承运人：与<--NRC-->签有运输合同的铁路运输企业。铁路车站、列车及与运营有关人员在执行职务中的行为代表承运人。,,,,,旅客或托运人
4,填空题,《铁路旅客运输规程》（铁运〔1997〕101号）规定，旅客：持有铁路<--NRC-->的人和同行的免费乘车儿童。根据铁路货物运输合同押运货物的人视为旅客。,,,,,有效乘车凭证
5,填空题,《铁路旅客运输规程》（铁运〔1997〕101号）规定，客运记录：指在旅客或行李、包裹运输过程中因特殊情况，承运人与<--NRC-->之间需记载某种事项或车站与列车之间办理业务交接的文字凭证。,,,,,旅客、托运人、收货人
6,填空题,《铁路旅客运输规程》（铁运〔1997〕101号）规定，铁路旅客运输合同的基本凭证是<--NRC-->。,,,,,车票
7,填空题,《铁路旅客运输规程》（铁运〔1997〕101号）规定，铁路旅客运输合同从售出车票时起成立，至按票面规定运输结束<--NRC-->止，为合同履行完毕。,,,,,旅客出站时
8,填空题,《铁路旅客运输规程》（铁运〔1997〕101号）规定，旅客运输的运送期间<--NRC-->止计算。,,,,,自检票进站起至到站出站时
9,填空题,《铁路旅客运输规程》（铁运〔1997〕101号）规定，成人带儿童或<--NRC-->可共用一个卧铺。,,,,,儿童与儿童
10,填空题,《铁路旅客运输规程》（铁运〔1997〕101号）规定，退还带有行字戳记的车票时，应先办理<--NRC-->。,,,,,行李变更手续
11,填空题,《铁路旅客运输规程》（铁运〔1997〕101号）规定，铁路车站有关营业处所应有相应的票价表、运价表、杂费表、时刻表和<--NRC-->等内容。,,,,,旅客须知
12,填空题,《铁路旅客运输规程》（铁运〔1997〕101号）规定，改签：旅客变更乘车日期、车次、<--NRC-->时需办理的签证手续。,,,,,席（铺）位
13,填空题,《铁路旅客运输规程》（铁运〔1997〕101号）规定，铁路旅客运输合同是明确承运人与旅客之间<--NRC-->关系的协议。,,,,,权利义务
14,填空题,《铁路旅客运输规程》（铁运〔1997〕101号）规定，起运地承运人依据《铁路旅客运输规程》订立的旅客运输合同对所涉及的承运人具有<--NRC-->。,,,,,同等约束力
15,填空题,《铁路旅客运输规程》（铁运〔1997〕101号）规定，车票中包括<--NRC-->两部分。,,,,,客票和附加票
16,填空题,《铁路旅客运输规程》（铁运〔1997〕101号）规定，车票的客票部分为<--NRC-->。,,,,,软座、硬座
17,填空题,《铁路旅客运输规程》（铁运〔1997〕101号）规定，车票的附加票部分为<--NRC-->。,,,,,加快票、卧铺票、空调票
18,填空题,《铁路旅客运输规程》（铁运〔1997〕101号）规定，附加票是客票的补充部分，可以与客票合并发售，但除<--NRC-->外不能单独使用。,,,,,儿童
19,填空题,《铁路旅客运输规程》（铁运〔1997〕101号）规定，车票票价为旅客<--NRC-->的适用票价。,,,,,乘车日
20,填空题,《铁路旅客运输规程》（铁运〔1997〕101号）规定，承运人调整票价时，已售出的车票<--NRC-->票价差额。,,,,,不再补收或退还
21,填空题,《铁路旅客运输规程》（铁运〔1997〕101号）规定，在有运输能力的情况下，承运人或销售代理人应按<--NRC-->的要求发售车票。,,,,,购票人
22,填空题,《铁路旅客运输规程》（铁运〔1997〕101号）规定，发售<--NRC-->、动车组列车车票时最远至本次列车终点站。,,,,,软座客票
23,填空题,《铁路旅客运输规程》（铁运〔1997〕101号）规定，旅客购买加快票必须有<--NRC-->客票。,,,,,软座或硬座
24,填空题,《铁路旅客运输规程》（铁运〔1997〕101号）规定，发售加快票的到站，必须是所<--NRC-->的停车站。,,,,,乘快车或特别快车
25,填空题,《铁路旅客运输规程》（铁运〔1997〕101号）规定，发售需要中转换车的加快票的中转站还必须是有<--NRC-->的车站。,,,,,同等级快车始发
26,填空题,《铁路旅客运输规程》（铁运〔1997〕101号）规定，旅客购买卧铺票时，卧铺票的到站、座别必须与<--NRC-->的到站、座别相同，但对持通票的旅客，卧铺票只发售到中转站。,,,,,客票
27,填空题,《铁路旅客运输规程》（铁运〔1997〕101号）规定，旅客乘坐提供空调的列车时，应购买相应等级的<--NRC-->。,,,,,车票或空调票
28,填空题,《铁路旅客运输规程》（铁运〔1997〕101号）规定，旅客在全部旅途中分别乘坐空调车和普通车时，可发售全程普通硬座车票，对乘坐空调车区段另行核收空调车与普通车的<--NRC-->。,,,,,票价差额
29,填空题,《铁路旅客运输规程》（铁运〔1997〕101号）规定，“中华人民共和国残疾军人证”和“中华人民共和国伤残人民警察证”由国家有关部门颁发，铁路运输企业有权进行<--NRC-->。,,,,,核对
30,填空题,《铁路旅客运输规程》（铁运〔1997〕101号）规定，在<--NRC-->上车的人员，可在列车内购票，不收手续费。,,,,,无人售票的乘降所
31,填空题,《铁路旅客运输规程》（铁运〔1997〕101号）规定，车站对进出站的<--NRC-->应检票，列车对乘车旅客应验票。,,,,,旅客和人员
32,填空题,《铁路旅客运输规程》（铁运〔1997〕101号）规定，对必须持证购买的<--NRC-->和各种乘车证的旅客应当核对相应的证件，验票应打查验标记。,,,,,减价票
33,填空题,《铁路旅客运输规程》（铁运〔1997〕101号）规定，车站应当在开车前提前停止检票，但应当在本站营业场所通告停止检票的<--NRC-->。,,,,,提前时间
34,填空题,《铁路旅客运输规程》（铁运〔1997〕101号）规定，铁路稽查人员凭稽查证件、佩戴<--NRC-->可以在车内验票。,,,,,稽查臂章
35,填空题,《铁路旅客运输规程》（铁运〔1997〕101号）规定，旅客须按票面载明的<--NRC-->乘车，并在票面规定有效期内到达到站。,,,,,日期、车次、席别
36,填空题,《铁路旅客运输规程》（铁运〔1997〕101号）规定，持通票的旅客中转换乘时，应当办理<--NRC-->手续。,,,,,中转签证
37,填空题,《铁路旅客运输规程》（铁运〔1997〕101号）规定，持通票的旅客在乘车途中有效期终了、要求继续乘车时，应自<--NRC-->起，另行补票，核收手续费。,,,,,有效期终了站或最近前方停车站
38,填空题,"《铁路旅客运输规程》（铁运〔1997〕101号）规定，持<--NRC-->的旅客在乘车途中有效期终了,可按有效使用至到站。",,,,,定期票
39,填空题,《铁路旅客运输规程》（铁运〔1997〕101号）规定，除特殊情况并经<--NRC-->同意的外，持低票价席别车票的旅客不能在高票价席别的车厢停留。,,,,,列车长
40,填空题,《铁路旅客运输规程》（铁运〔1997〕101号）规定，烈性传染病患者、<--NRC-->或健康状况危及他人安全的旅客，站、车可以不予运送；已购车票按旅客退票的有关规定处理。,,,,,精神病患者
41,填空题,《铁路旅客运输规程》（铁运〔1997〕101号）规定，由于误售、误购、误乘或坐过了站在原通票有效期不能到达到站时，应根据<--NRC-->间的里程，重新计算通票有效期。,,,,,折返站至正当到站
42,填空题,《铁路旅客运输规程》（铁运〔1997〕101号）规定，旅客要求退票时，应当在票面指定的开车时间前到车站办理，退还全部票价。特殊情况经<--NRC-->站长同意的，可在开车后2小时内办理。,,,,,购票地车站或票面乘车站
43,填空题,《铁路旅客运输规程》（铁运〔1997〕101号）规定，团体旅客退票不应晚于开车<--NRC-->。,,,,,前48小时
44,填空题,《铁路旅客运输规程》（铁运〔1997〕101号）规定，旅客开始旅行后如因伤、病不能继续旅行时，经站、车证实，可退还<--NRC-->，核收退票费。,,,,,已收票价与已乘区间票价差额
45,填空题,《铁路旅客运输规程》（铁运〔1997〕101号）规定，<--NRC-->的退票办法由铁路运输企业自定。,,,,,市郊票、定期票、定额票
46,填空题,《铁路旅客运输规程》（铁运〔1997〕101号）规定，行李是指旅客<--NRC-->的被褥、衣服、个人阅读的书籍、残疾人车和其他旅行必需品。,,,,,自用
47,填空题,《铁路旅客运输规程》（铁运〔1997〕101号）规定，旅客在乘车区间内凭<--NRC-->每张可托运一次行李，残疾人车不限次数。,,,,,有效客票
48,填空题,《铁路旅客运输规程》（铁运〔1997〕101号）规定，线路中断，列车不能继续运行时，应妥善安排被阻旅客，车站应将<--NRC-->的信息及时向旅客公告。,,,,,停办营业和恢复营业
49,填空题,《铁路旅客运输规程》（铁运〔1997〕101号）规定，线路中断，旅客可以要求在原地等候通车、<--NRC-->或按照承运人的安排绕道旅行。,,,,,返回发站、中途站退票
50,填空题,《铁路旅客运输规程》（铁运〔1997〕101号）规定，线路中断，停止运行站或列车应在旅客车票背面注明<--NRC-->并加盖站名章或列车长名章，作为旅客免费返回发站、中途站办理退票、换车或延长有效期的凭证。,,,,,原因、日期、返回××站
51,填空题,《铁路旅客运输规程》（铁运〔1997〕101号）规定，铁路组织原列车绕道运输时，旅客原票<--NRC-->，但中途下车即行失效。,,,,,不补不退
52,填空题,《铁路旅客运输规程》（铁运〔1997〕101号）规定，线路中断旅客自行绕道按<--NRC-->办理。,,,,,变径
53,填空题,《铁路旅客运输规程》（铁运〔1997〕101号）规定，线路中断后，旅客买票绕道乘车时，按<--NRC-->计算票价。,,,,,实际径路
54,填空题,《铁路旅客运输办理细则》（铁运〔1997〕103号）规定，为规范铁路运输企业内部办理旅客及行李、包裹运送工作，依据<--NRC-->制定本细则。,,,,,《铁路旅客运输规程》
55,填空题,《铁路旅客运输办理细则》（铁运〔1997〕103号）规定，除另有规定者外，《铁路旅客运输办理细则》适用于国家铁路和与<--NRC-->的其他铁路。,,,,,国家铁路办理直通运输业务
56,填空题,《铁路旅客运输办理细则》（铁运〔1997〕103号）规定，客运营业站的启用、封闭和变更时，由所属铁路局（含集团公司，以下同）于实施前<--NRC-->报国务院铁路主管部门审批。,,,,,60天
57,填空题,《铁路旅客运输办理细则》（铁运〔1997〕103号）规定，站车服务设施和引导标志中标准没有规定，自行设计的标志应易于识别并附加<--NRC-->。,,,,,汉字
58,填空题,《铁路旅客运输办理细则》（铁运〔1997〕103号）规定，车站各营业处所除应有《客规》规定的揭示内容外，为方便旅客，还应有铁路旅行常识，全国铁路营业站示意图，<--NRC-->、上车的图例或文字说明，列车开车、中转换乘时刻，全国主要站中转换乘时刻表。,,,,,严禁携带危险品进站
59,填空题,《铁路旅客运输办理细则》（铁运〔1997〕103号）规定，在候车区域或上、下车通道还应有相应的车次、车厢顺号指引牌、检票车次牌等<--NRC-->标志。,,,,,导向
60,填空题,《铁路旅客运输办理细则》（铁运〔1997〕103号）规定，除车票外，还可以持<--NRC-->乘车。,,,,,铁路乘车证和特种乘车证
61,填空题,《铁路旅客运输办理细则》（铁运〔1997〕103号）规定，车站发售客票时，不能使用<--NRC-->但票价相同的车票互相代替。,,,,,到站不同
62,填空题,《铁路旅客运输办理细则》（铁运〔1997〕103号）规定，发售加快票时，应在符合《客规》规定的前提下，其发到站之间<--NRC-->都应有快车运行。如中间有无快车运行的区段时，则不能发售全程加快票。,,,,,全程
63,填空题,《铁路旅客运输办理细则》（铁运〔1997〕103号）规定，通学的小学生不论身高多少，均按<--NRC-->办理。,,,,,学生票
64,填空题,《铁路旅客运输办理细则》（铁运〔1997〕103号）规定，成人无论身高多少均应购买<--NRC-->票。,,,,,全价
65,填空题,《铁路旅客运输办理细则》（铁运〔1997〕103号）规定，如学生父母迁居时，根据学生申请，经学校确认，可将学生减价优待证上的乘车区间更改并<--NRC-->或更换新证。,,,,,加盖公章
66,填空题,《铁路旅客运输办理细则》（铁运〔1997〕103号）规定，学生回家后，院校迁移或调整，也可凭<--NRC-->和学生减价优待证，发售从家庭所在地到院校新所在地的学生票。,,,,,学校证明
67,填空题,《铁路旅客运输办理细则》（铁运〔1997〕103号）规定，学生每年仅限于购买<--NRC-->减价票，当年未使用的次数，不能留作下年使用。,,,,,四次单程
68,填空题,《铁路旅客运输办理细则》（铁运〔1997〕103号）规定，学生票应按<--NRC-->发售，但有直达列车或换乘次数少的远径路也可发售。,,,,,近径路
69,填空题,《铁路旅客运输办理细则》（铁运〔1997〕103号）规定，减价优待证记载的车站是没有快车或直通车停靠的车站时，离该站<--NRC-->（可以超过减价优待证规定的区间）可以发售学生票。,,,,,最近的大站
70,填空题,《铁路旅客运输办理细则》（铁运〔1997〕103号）规定，超过减价优待证上记载的区间乘车时，对超过区间按一般旅客办理，核收<--NRC-->。,,,,,全价
71,填空题,《铁路旅客运输办理细则》（铁运〔1997〕103号）规定，华侨学生和港澳台学生回家时，车票发售至<--NRC-->。,,,,,边境车站
72,填空题,《铁路旅客运输办理细则》（铁运〔1997〕103号）规定，持有其他抚恤证的人员，如革命工作人员残废证，参战民兵、民工残废证等，均不能享受<--NRC-->待遇。,,,,,减价
73,填空题,《铁路旅客运输办理细则》（铁运〔1997〕103号）规定，发售代用票应在事由栏填写相应的略语：客快联合票普快或特快分别为<--NRC-->。,,,,,“客快”或“客特快”
74,填空题,《铁路旅客运输办理细则》（铁运〔1997〕103号）规定，发售代用票应在事由栏填写相应的略语：客快卧联合票分别为<--NRC-->。,,,,,“客快卧”或“客特快卧”
75,填空题,《铁路旅客运输办理细则》（铁运〔1997〕103号）规定，发售代用票应在事由栏填写相应的略语：有效期终了<--NRC-->。,,,,,“过期”
76,填空题,《铁路旅客运输办理细则》（铁运〔1997〕103号）规定，发售代用票应在事由栏填写相应的略语：变更座别、铺别、径路分别为<--NRC-->。,,,,,“变座”、“变铺”、“变径”
77,填空题,《铁路旅客运输办理细则》（铁运〔1997〕103号）规定，发售代用票应在事由栏填写相应的略语：乘车日期、车次、径路不符“<--NRC-->”。,,,,,不符
78,填空题,《铁路旅客运输办理细则》（铁运〔1997〕103号）规定，发售代用票应在事由栏填写相应的略语：不符合减价规定“<--NRC-->”。,,,,,减价不符
79,填空题,《铁路旅客运输办理细则》（铁运〔1997〕103号）规定，发售代用票人数栏分别全价、半价、儿童栏内用大写字体填写，不用栏用<--NRC-->划消。,,,,,“#”
80,填空题,《铁路旅客运输办理细则》（铁运〔1997〕103号）规定，旅客在发站办理车票改签时，应收回原票换发新票，票面打印“<--NRC-->”字样。,,,,,始发改签
81,填空题,《铁路旅客运输办理细则》（铁运〔1997〕103号）规定，旅客在发站办理车票改签计算票价时，在<--NRC-->基础上计算。,,,,,联合票价
82,填空题,《铁路旅客运输办理细则》（铁运〔1997〕103号）规定，旅客在中途站办理签证不需补差价时，只打印<--NRC-->；需补差价时，发售有价签证票。,,,,,签证号
83,填空题,《铁路旅客运输办理细则》（铁运〔1997〕103号）规定，除<--NRC-->等特殊情况外，不得手工改签车票。,,,,,售票系统设备故障
84,填空题,《铁路旅客运输办理细则》（铁运〔1997〕103号）规定，旅客同时提出变更座别、铺别和越站时，应先办理越站，后办理变更，使用一张代用票，核收<--NRC-->手续费。,,,,,一次
85,填空题,《铁路旅客运输办理细则》（铁运〔1997〕103号）规定，在列车上，旅客因病不能继续旅行时，列车长应编制客运记录交中途<--NRC-->的车站，同行人同样办理。,,,,,有医疗条件
86,填空题,《铁路旅客运输办理细则》（铁运〔1997〕103号）规定，因铁路责任造成旅客退票时，无论在发站、中途站还是到站，均应<--NRC-->为旅客办理，不得互相推诿，继续给旅客造成困难。,,,,,积极
87,填空题,"《铁路旅客运输办理细则》（铁运〔1997〕103号）规定，因铁路责任造成旅客退票应补收时不补收,不收<--NRC-->。",,,,,退票费
88,填空题,《铁路旅客运输办理细则》（铁运〔1997〕103号）规定，因线路中断致使旅客中途退票时，应退还已收票价与<--NRC-->差额，已乘区间不足起码里程时，按起码里程计算，不收退票费。,,,,,已乘区间票价
89,填空题,《铁路旅客运输办理细则》（铁运〔1997〕103号）规定，退还票价时，按<--NRC-->分别计算。,,,,,客、快、卧起码里程
90,填空题,《铁路旅客运输服务质量规范》规定，动车组列车：指由若干<--NRC-->的车辆以固定编组组成、两端设有司机室的一组列车。,,,,,带动力和不带动力
91,填空题,《铁路旅客运输服务质量规范》规定，普速旅客列车：指运送<--NRC-->的非动车组列车。,,,,,旅客或行包、邮件
92,填空题,《铁路旅客运输服务质量规范》规定，重点旅客：指<--NRC-->旅客。,,,,,老、幼、病、残、孕
93,填空题,《铁路旅客运输服务质量规范》规定，特殊重点旅客是指依靠辅助器具才能行动等<--NRC-->的重点旅客。,,,,,需特殊照顾
94,填空题,《铁路旅客运输服务质量规范》规定，照度（平面照度）：指单位面积的光通量，单位为<--NRC-->。,,,,,勒克斯（1x)
95,填空题,《铁路旅客运输服务质量规范》规定，按规定配备消防设备、器材，<--NRC-->，合格有效。,,,,,定期检测维护
96,填空题,《铁路旅客运输服务质量规范》规定，电梯、天桥、楼梯悬空侧按规定设置防护装置，高度不低于<--NRC-->。,,,,,1.7米
97,填空题,《铁路旅客运输服务质量规范》规定，无空调的服务处所室内温度冬季不低于<--NRC-->，夏季超过28℃时使用电风扇。,,,,,14℃
98,填空题,《铁路旅客运输服务质量规范》规定，各服务处所按规定开展“<--NRC-->”工作，蚊、蝇、蟑螂等病媒昆虫指数及鼠密度符合国家规定。,,,,,消毒、杀虫、灭鼠
99,填空题,《铁路旅客运输服务质量规范》规定，鞋跟高度不超过<--NRC-->，跟径不少于3.5厘米。,,,,,3.5厘米
100,填空题,《铁路旅客运输服务质量规范》规定，有存放票据、现金的处所和设备，具备防潮、<--NRC-->、监控和报警功能。,,,,,防鼠、防盗
101,填空题,《铁路旅客运输服务质量规范》规定，售票处、候车区公布中国铁路客户服务中心客户服务电话（区号+电话号码）、铁路12306手机客户端和<--NRC-->，受理旅客咨询、求助、投诉。,,,,,微信公众号二维码
102,填空题,《铁路旅客运输服务质量规范》规定，接听电话时，先向旅客通报<--NRC-->。,,,,,单位和工号
103,填空题,《铁路旅客运输服务质量规范》规定，女性发不过肩，刘海长不遮眉，短发不短于<--NRC-->。,,,,,7厘米
104,填空题,《铁路旅客运输服务质量规范》规定，穿鞋的颜色为<--NRC-->。,,,,,深色系
105,填空题,《铁路旅客运输服务质量规范》规定，售票员、验证人员、安检值机人员等<--NRC-->可不戴制帽，其他人员执行职务时应戴制帽。,,,,,坐姿作业人员
106,填空题,《铁路旅客运输服务质量规范》规定，办理交接时行举手礼，右手五指并拢平展，向内上方举手至帽沿右侧边沿，小臂形成<--NRC-->。,,,,,45°角
107,填空题,《铁路旅客运输服务质量规范》规定，普速大型车站站台两端设置防护栅栏（行包、邮政作业端除外）并有<--NRC-->或“旅客止步”标志。,,,,,“禁止通行”
108,填空题,《铁路旅客运输服务质量规范》规定，站台两端各设有一个<--NRC-->牌。,,,,,站名
109,填空题,《铁路旅客运输服务质量规范》规定，各站台设有<--NRC-->标志，实行便捷换乘的有便捷换乘标志。,,,,,出站方向
110,填空题,《铁路旅客运输服务质量规范》规定，安全制度健全有效，安全管理职责明确，能满足<--NRC-->需要。,,,,,安全生产
111,填空题,《铁路旅客运输服务质量规范》规定，安全设备设施配备齐全到位，<--NRC-->。,,,,,作用良好
112,填空题,《铁路旅客运输服务质量规范》规定，开启的危险品检查仪数量满足旅客<--NRC-->。,,,,,进站需求
113,填空题,《铁路旅客运输服务质量规范》规定，根据各服务处所和服务设备设施的功能、用途设置揭示揭挂，采取电子显示屏、公告栏等方式公布规章文电摘抄、<--NRC-->、客运杂费收费标准、高铁快运办理范围等相应服务信息。,,,,,旅客乘车安全须知
114,填空题,《铁路旅客运输服务质量规范》规定，电子显示引导系统信息显示<--NRC-->，每屏信息的显示时间适当，便于旅客阅读。,,,,,及时
115,填空题,《铁路旅客运输服务质量规范》规定，站台客运人员手持电台具备与<--NRC-->通话功能。,,,,,司机
116,填空题,《铁路旅客运输服务质量规范》规定，面部、双手保持清洁，指甲修剪整齐，长度不超过指尖<--NRC-->，身体外露部位无纹身。,,,,,2毫米
117,填空题,《铁路旅客运输服务质量规范》规定，表情自然，态度和蔼，<--NRC-->，举止得体，庄重大方。,,,,,用语文明
118,填空题,《铁路旅客运输服务质量规范》规定，站容整洁，环境舒适。干净整洁，窗明地净，<--NRC-->。,,,,,物见本色
119,填空题,《铁路旅客运输服务质量规范》规定，管理制度健全，有考核，<--NRC-->。,,,,,有记载
120,填空题,《铁路旅客运输服务质量规范》规定，业务资料配置到位，内容修改<--NRC-->。,,,,,及时、正确
121,填空题,《铁路旅客运输服务质量规范》规定，发生旅客<--NRC-->、突发疾病或接受列车移交的伤、病人员时，及时联系医疗机构。,,,,,人身伤害
122,填空题,《铁路旅客运输服务质量规范》规定，遇旅客<--NRC-->以及发现弃婴、流浪乞讨人员时，及时报告（通知）公安机关。,,,,,死亡、涉及违法犯罪
123,填空题,《铁路旅客运输服务质量规范》规定，高铁车站、普速中型以上车站站区实行封闭式管理，旅客进出站乘降有序，站内无<--NRC-->。,,,,,闲杂人员
124,填空题,《铁路旅客运输服务质量规范》规定，车站进出站通道<--NRC-->，有管理措施。,,,,,流线清晰
125,填空题,《铁路旅客运输服务质量规范》规定，视频监控系统覆盖车站各服务处所，具备<--NRC-->功能。,,,,,自动录像
126,填空题,《铁路旅客运输服务质量规范》规定，车站录像资料留存时间不少于15天，涉及<--NRC-->、扰乱车站公共秩序等重要的视频资料为一年。,,,,,旅客人身伤害
127,填空题,《铁路旅客运输服务质量规范》规定，地面干净无垃圾；玻璃透明无污渍；墙壁无<--NRC-->。,,,,,污渍、涂鸦
128,填空题,《铁路旅客运输服务质量规范》规定，实行<--NRC-->负责制，旅客问讯时，有问必答，回答准确。,,,,,首问首诉
129,填空题,《铁路旅客运输服务质量规范》规定，对旅客提出的问题不能解决时，指引到<--NRC-->，并做好耐心解释。,,,,,相应岗位
130,填空题,《铁路旅客运输服务质量规范》规定，售票窗口、自动售（取）票机、自动检票机前设置黄色<--NRC-->，宽度10厘米。,,,,,“一米线”
131,填空题,《铁路旅客运输服务质量规范》规定，通风良好，空气质量符合<--NRC-->。,,,,,国家规定
132,填空题,《铁路旅客运输服务质量规范》规定，有空调的服务处所温度调节适宜，体感舒适，原则上保持冬季<--NRC-->，夏季26℃～28℃。,,,,,18℃～20℃
133,填空题,《铁路旅客运输服务质量规范》规定，售票窗口和自动售（取）票机设置、开放的数量适应客流量，日常窗口排队不超过<--NRC-->。,,,,,20人
134,填空题,《铁路旅客运输服务质量规范》规定，高铁车站开窗时间不晚于本站首趟列车开车前<--NRC-->，关窗时间不早于本站最后一趟列车办理客运业务后20分钟。,,,,,30分钟
135,填空题,《铁路旅客运输服务质量规范》规定，普速小型车站开窗时间不晚于客车到达前30分钟，关窗时间不早于客车开车后<--NRC-->。,,,,,20分钟
136,填空题,《铁路旅客运输服务质量规范》规定，售票处、候车区（室）、<--NRC-->设有儿童票标高线。,,,,,出站检票处和补票处
137,填空题,《铁路旅客运输服务质量规范》规定，普速大、中型车站始发列车检票时间不晚于开车前<--NRC-->。,,,,,30分钟
138,填空题,《铁路旅客运输服务质量规范》规定，普速列车晚点超过规定时间，根据调度通报，公告列车晚点信息，说明晚点原因、<--NRC-->，广播每次间隔不超过30分钟。,,,,,预计晚点时间
139,填空题,《铁路旅客运输服务质量规范》规定，工作时间内暂停售票时设有<--NRC-->。,,,,,提示
140,填空题,《铁路旅客运输服务质量规范》规定，落地玻璃前有<--NRC-->标志。,,,,,防撞装置和警示图形
141,填空题,《铁路旅客运输服务质量规范》规定，电梯、天桥、地道口、楼梯踏步、站台有<--NRC-->标志。,,,,,引导、安全
142,填空题,《铁路旅客运输服务质量规范》规定，旅客人人通过<--NRC-->检查，携带品件件过机。,,,,,安全门和手持金属探测器
143,填空题,《铁路旅客运输服务质量规范》规定，<--NRC-->车站候车区设置相对封闭的哺乳区。,,,,,地市级以上
144,填空题,《铁路旅客运输服务质量规范》规定，应急照明系统覆盖<--NRC-->、候车、售票、站台、天桥、地道等处所，状态良好。,,,,,进出站
145,填空题,《铁路旅客运输服务质量规范》规定，备有喇叭、<--NRC-->、应急车次牌、隔离设施等应急物品，定点存放。,,,,,手持应急照明灯具
146,填空题,《铁路旅客运输服务质量规范》规定，电梯、天桥、楼梯悬空侧按规定设置<--NRC-->，高度不低于1.7米。,,,,,防护装置
147,填空题,《铁路旅客运输服务质量规范》规定，在窗口正上方设置窗口屏，显示窗口号、<--NRC-->、工作时间或状态等信息。,,,,,窗口功能
148,填空题,《铁路旅客运输服务质量规范》规定，配备自动售、取票机，自动售票机具备现金或<--NRC-->支付功能。,,,,,银行卡
149,填空题,《铁路旅客运输服务质量规范》规定，重点旅客优先购票、优先进站、优先<--NRC-->。,,,,,检票上车
150,填空题,《铁路旅客运输服务质量规范》规定，根据需求为特殊重点旅客提供帮助，有服务，<--NRC-->，有通报。,,,,,有交接
151,填空题,《铁路旅客运输服务质量规范》规定，自动售（取）票机及时补充票据、零钞和<--NRC-->。,,,,,凭条
152,填空题,《铁路旅客运输服务质量规范》规定，候车室（区）旅客<--NRC-->有客运人员，及时巡视、解答旅客咨询、妥善处置异常情况。,,,,,可视范围内
153,填空题,《铁路旅客运输服务质量规范》规定，遇车底变更时，车站按车底变更计划调整席位，组织旅客换乘，告知列车，并按规定办理<--NRC-->。,,,,,改签、退票
154,填空题,《铁路旅客运输服务质量规范》规定，遇售票、检票系统故障时，组织<--NRC-->进行故障排查，按规定启用应急售票、换票程序，组织人工办理检票。,,,,,维护部门
155,填空题,《铁路旅客运输服务质量规范》规定，高铁车站有恶劣天气、列车停运、大面积晚点、<--NRC-->、突发大客流、设备故障、客票（服）系统故障、火灾爆炸、重大疫情、食物中毒、作业车辆（设备）坠入股道、旅客人身伤害等非正常情况下的应急预案。,,,,,启动热备车底
156,填空题,《中国铁路上海局集团有限公司普速铁路客运非正常情况应急处置办法》（上铁客〔2018〕354号）规定，车站发生火灾、爆炸事故时应组织车站工作人员取用车站配备的灭火器材进行扑救。如使用消防栓，按需对站区接触网进行停电，并采取<--NRC-->措施。,,,,,接地
157,填空题,《中国铁路上海局集团有限公司普速铁路客运非正常情况应急处置办法》（上铁客〔2018〕354号）规定，车站发生火灾或爆炸时，车站工作人员应立即向车站领导报告，根据火情拨打119火警电话，并报告<--NRC-->。,,,,,公安部门
158,填空题,《中国铁路上海局集团有限公司普速铁路客运非正常情况应急处置办法》（上铁客〔2018〕354号）规定，车站突发大客流时车站售票处要及时落实<--NRC-->的备用现金，为旅客办理退票手续。,,,,,足量
159,填空题,《中国铁路上海局集团有限公司普速铁路客运非正常情况应急处置办法》（上铁客〔2018〕354号）规定，动车组以外的旅客列车发生个别车厢空调故障时，因旅客列车空调故障需退还票价差额时，由列车长编制客运记录，作为旅客到站办理<--NRC-->的凭证。,,,,,退差
160,填空题,《中国铁路上海局集团有限公司高速铁路客运非正常情况应急处置办法》（上铁客〔2018〕355号)规定，因动车组列车晚点影响，造成折返交路始发晚点时间较长，且影响<--NRC-->时，应出动热备车底。,,,,,后续交路
161,填空题,《中国铁路上海局集团有限公司高速铁路客运非正常情况应急处置办法》（上铁客〔2018〕355号)规定，车站突发大客流时，车站售票处要及时落实<--NRC-->的备用现金，为旅客办理退票手续。,,,,,足量
162,填空题,《中国铁路上海局集团有限公司高速铁路客运非正常情况应急处置办法》（上铁客〔2018〕355号)规定，旅客列车停运时，车站应<--NRC-->掌握停运列车旅客去向和售票张数，迅速增开退票、改签窗口，及时为旅客办理有关改签、退票等相关业务。,,,,,提前
1,判断题,《铁路旅客运输规程》（铁运〔1997〕101号）规定，承运人调整票价时，已售出的车票不再补收或退还票价差额。,,,,,Y
2,判断题,《铁路旅客运输规程》（铁运〔1997〕101号）规定，承运人一般不接受儿童单独旅行（乘火车通学的学生和承运人同意在旅途中监护的除外）。,,,,,Y
3,判断题,《铁路旅客运输规程》（铁运〔1997〕101号）规定，残疾人旅行时代步的折叠式轮椅可免费携带并不计入旅客携带品范围。,,,,,Y
4,判断题,《铁路旅客运输规程》（铁运〔1997〕101号）规定，旅客是指持有铁路乘车凭证的人和同行的免费乘车儿童。,,,,,N
5,判断题,《铁路旅客运输规程》（铁运〔1997〕101号）规定，旅客可限量携带：不超过20毫升的染发剂，不超过200毫升的酒精。,,,,,N
6,判断题,《铁路旅客运输规程》（铁运〔1997〕101号）规定，旅客办理中转签证或在列车上办理补签时，签证后的车次票价高于原票价时，核收票价差额；签证后的车次票价低于原票价时，退还票价差额。,,,,,N
7,判断题,《铁路旅客运输规程》（铁运〔1997〕101号）规定，旅客持学生票乘车，没有规定的减价凭证或不符合减价条件时，按照全价票价补收票价差额。,,,,,N
8,判断题,《铁路旅客运输规程》（铁运〔1997〕101号）规定，开车之后，旅客仍可改签当日其他列车至到站，但只能在票面发站或购票地车站办理。,,,,,N
9,判断题,《铁路旅客运输规程》（铁运〔1997〕101号）规定，旅客须按票面载明的日期、车次、席别乘车，并在票面规定有效期内到达到站。,,,,,Y
10,判断题,《铁路旅客运输规程》（铁运〔1997〕101号）规定，儿童票的座别可与成人不同，但到站不得远于成人车票的到站。,,,,,N
11,判断题,《铁路旅客运输规程》（铁运〔1997〕101号）规定，学生李某收到某大专录取通知书是10月4号报到，那么他可以凭录取通知书购买一张学生票。,,,,,N
12,判断题,《铁路旅客运输规程》（铁运〔1997〕101号）规定，车票只能在承运人售票处购买。,,,,,N
13,判断题,《铁路旅客运输规程》（铁运〔1997〕101号）规定，烈性传染病患者车站可以不予运送，已购车票按旅客退票的有关规定处理。,,,,,Y
14,判断题,《铁路旅客运输规程》（铁运〔1997〕101号）规定，卧铺票的到站可在客票到站以近。,,,,,N
15,判断题,《铁路旅客运输规程》（铁运〔1997〕101号）规定，一学生2017年只购买了2次学生减价票，2018年该学生能享受6次单程减价票待遇。,,,,,N
16,判断题,《铁路旅客运输规程》（铁运〔1997〕101号）规定，对被站、车拒绝乘车和责令下车旅客的车票应在车票背面做相应记载，作为下次乘车的依据。,,,,,N
17,判断题,《铁路旅客运输规程》（铁运〔1997〕101号）规定，在任何情况下，承运人应按购票人的要求发售车票。,,,,,N
18,判断题,《铁路旅客运输规程》（铁运〔1997〕101号）规定，卧铺票的座别应与客票相同，但到站可近于客票的到站。,,,,,N
19,判断题,《铁路旅客运输规程》（铁运〔1997〕101号）规定，学生凭附有加盖院校公章的减价优待证的学生证并符合条件时，可购买学生票。,,,,,Y
20,判断题,《铁路旅客运输规程》（铁运〔1997〕101号）规定，每一成人旅客可免费携带一至两名身高不足1.1米的儿童。,,,,,N
21,判断题,《铁路旅客运输规程》（铁运〔1997〕101号）规定，除儿童外，附加票不能单独使用。,,,,,Y
22,判断题,《铁路旅客运输规程》（铁运〔1997〕101号）规定，因承运人责任使旅客不能按票面记载的日期、车次、座别、铺别乘车时，站、车应重新妥善安排。,,,,,Y
23,判断题,《铁路旅客运输规程》（铁运〔1997〕101号）规定，车票票面主要应当载明发站站名、到站站名、座别、卧别、里程、车次、开车时间、有效期。,,,,,N
24,判断题,《铁路旅客运输规程》（铁运〔1997〕101号）规定，学生由实习地点返回学校，不能购买和使用学生票。,,,,,Y
25,判断题,《铁路旅客运输规程》（铁运〔1997〕101号）规定，学生减价优待证未按规定填写，也未加盖院校公章的，不能购买学生票。,,,,,Y
26,判断题,《铁路旅客运输规程》（铁运〔1997〕101号）规定，学生因休学、复学、转学、退学时，不能发售学生票。,,,,,Y
27,判断题,《铁路旅客运输规程》（铁运〔1997〕101号）规定，学生学校所在地有父或母有其中一方在的情况时，不准发售学生票。,,,,,Y
28,判断题,《铁路旅客运输规程》（铁运〔1997〕101号）规定，客票票价分为硬座、软座客票票价。,,,,,Y
29,判断题,《铁路旅客运输规程》（铁运〔1997〕101号）规定，学生家住石家庄，学校在北京，但在张家口实习，学生从石家庄去往张家口可以发售学生票。,,,,,Y
30,判断题,《铁路旅客运输规程》（铁运〔1997〕101号）规定，成人的身高低于1.5米，应购儿童票。,,,,,N
31,判断题,《铁路旅客运输规程》（铁运〔1997〕101号）规定，通票的有效期按乘车里程计算。,,,,,Y
32,判断题,《铁路旅客运输规程》（铁运〔1997〕101号）规定，卧铺票只能由持票本人使用，成人带儿童或儿童与儿童可共用一个卧铺。,,,,,Y
33,判断题,《铁路旅客运输规程》（铁运〔1997〕101号）规定，通学的小学生身高超过1.5米，应按成人购票。,,,,,N
34,判断题,《铁路旅客运输规程》（铁运〔1997〕101号）规定，办理始发改签时，改签后的车次票价低于原票价时，退还票价差额。,,,,,N
35,判断题,《铁路旅客运输规程》（铁运〔1997〕101号）规定，旅客须按票面标明的日期、车次、席别乘车。如不能按时乘车，应在开车后到车站办理签证手续。,,,,,N
36,判断题,"《铁路旅客运输规程》（铁运〔1997〕101号）规定，旅客因伤、病等特殊情况办理签证时,经购票地车站或票面乘车站站长同意的，可在开车后办理。",,,,,N
37,判断题,《铁路旅客运输规程》（铁运〔1997〕101号）规定，旅客因伤、病不能继续旅行、经站车证实可按规定退票。,,,,,Y
38,判断题,"《铁路旅客运输规程》（铁运〔1997〕101号）规定，旅客要求改签时，在车站售票预售期内，车站应予办理，收回原车票，换发新车票，并在新车票票面注明""始发改签""字样。",,,,,N
39,判断题,《铁路旅客运输规程》（铁运〔1997〕101号）规定，旅客要求退票时，特殊情况经购票地车站或票面乘车站站长同意的，可在开车后2小时内办理。团体旅客不应晚于开车前48小时。,,,,,Y
40,判断题,《铁路旅客运输规程》（铁运〔1997〕101号）规定，旅客开始旅行后不能退票。但如因伤、病不能继续旅行时，经站、车证实，可退还未乘区间票价，核收退票费。,,,,,N
41,判断题,《铁路旅客运输规程》（铁运〔1997〕101号）规定，因特殊情况经购票地车站或票面乘车站站长同意在开车后2小时内改签的车票不退。,,,,,Y
42,判断题,《铁路旅客运输规程》（铁运〔1997〕101号）规定，承运人不接受儿童单独旅行。,,,,,N
43,判断题,《铁路旅客运输规程》（铁运〔1997〕101号）规定，儿童票的座别、到站应与成人车票相同。,,,,,N
44,判断题,《铁路旅客运输办理细则》（铁运〔1997〕103号）规定，客运营业站的启用、封闭和变更时，由所属铁路局（含集团公司，以下同）于实施前60天报国务院铁路主管部门审批。,,,,,Y
45,判断题,《铁路旅客运输办理细则》（铁运〔1997〕103号）规定，凭“中国铁路免费乘车证”可乘坐各种等级、席别的列车。,,,,,N
46,判断题,《铁路旅客运输办理细则》（铁运〔1997〕103号）规定，学生每年仅限于购买四次单程减价票，当年未使用的次数，可以留作下年使用。,,,,,N
47,判断题,《铁路旅客运输办理细则》（铁运〔1997〕103号）规定，有计算机售票设备的车站，除系统设备故障等特殊情况外，不得发售手工车票。,,,,,Y
48,判断题,《铁路旅客运输办理细则》（铁运〔1997〕103号）规定，因误售、误购应退还票价时，旅客凭原票乘车至正当到站退款。,,,,,N
49,判断题,《铁路旅客运输办理细则》（铁运〔1997〕103号）规定，对于在列车内寻衅滋事，扰乱公共秩序被站、车拒绝乘车和责令下车旅客车票背面做相应记载，作为到站退还未乘区间票价的凭证。,,,,,N
50,判断题,《铁路旅客运输办理细则》（铁运〔1997〕103号）规定，学生票应按近径路发售，直达列车或换乘次数少的远径路不得发售。,,,,,N
51,判断题,《铁路旅客运输办理细则》（铁运〔1997〕103号）规定，承运行李应要求旅客出具车票，市郊定期客票不能托运行李，铁路乘车证不能免费托运行李。,,,,,Y
52,判断题,《铁路旅客运输办理细则》（铁运〔1997〕103号）规定，通学的小学生不论身高多少，均按儿童票办理。,,,,,N
53,判断题,《铁路旅客运输办理细则》（铁运〔1997〕103号）规定，学生票分段发售时，由发售第一段车票的车站在学生优惠卡中划销次数，中转站凭上一段车票售票，不再划销乘车次数。,,,,,Y
54,判断题,《铁路旅客运输办理细则》（铁运〔1997〕103号）规定，“中华人民共和国残疾军人证”和“中华人民共和国伤残人民警察证”由国家有关部门颁发。,,,,,Y
55,判断题,《铁路旅客运输办理细则》（铁运〔1997〕103号）规定，中途站办理动车组列车退票的公式：应退票款=原票价-（原票价÷原票里程×已乘区间里程）。,,,,,Y
56,判断题,《铁路旅客运输服务质量规范》要求，旅客运输服务女性工作人员发不过肩，刘海长不遮眉，短发不短于7厘米。,,,,,Y
57,判断题,《铁路旅客运输服务质量规范》要求，旅客运输服务工作人员指甲修剪整齐，长度不超过指尖3毫米。,,,,,N
58,判断题,《铁路旅客运输服务质量规范》要求，旅客运输服务工作人员身体无纹身。,,,,,N
59,判断题,《铁路旅客运输服务质量规范》要求，旅客运输服务工作人员不染彩色指甲。,,,,,Y
60,判断题,《铁路旅客运输服务质量规范》要求，旅客运输服务工作人员着装时衬衣束在裙子或裤子内。,,,,,N
61,判断题,"《铁路旅客运输服务质量规范》要求，旅客运输服务工作人员佩戴的外露饰物款式简洁,限手表一只、戒指一枚,女性还可佩戴发夹、发箍或头花及一副直径不超过2毫米的耳钉。",,,,,N
62,判断题,《铁路旅客运输服务质量规范》要求，旅客运输服务工作人员遇旅客问讯时可与旅客边走边答。,,,,,N
63,判断题,《铁路旅客运输服务质量规范》要求，旅客运输服务工作人员人员执行职务时应戴制帽。,,,,,N
64,判断题,《铁路旅客运输服务质量规范》规定，高铁中型及以上车站和普速大型车站的广播覆盖各服务处所，具备无线小区广播和分区广播功能。,,,,,Y
65,判断题,《铁路旅客运输服务质量规范》规定，客运工作人员使用皮带时，外露时仅可用黑色，不外露时则可为其他颜色。,,,,,Y
66,判断题,《铁路旅客运输服务质量规范》规定，旅客问讯时，客运工作人员应面向旅客站立，目视旅客，有问必答，回答准确，解释耐心。,,,,,N
67,判断题,《铁路旅客运输服务质量规范》规定，售票处、候车区公布中国铁路客户服务中心客户服务电话“12306”，铁路12306手机客户端和微信公众号。,,,,,N
68,判断题,《铁路旅客运输服务质量规范》规定，普速旅客列车，指运送旅客或行包的非动车组列车。,,,,,N
69,判断题,《铁路旅客运输服务质量规范》规定，接听电话时，先向旅客通报单位、姓名、工号。,,,,,N
70,判断题,《铁路旅客运输服务质量规范》规定，普速车站，指办理非动车组列车客运业务的车站。,,,,,N
71,判断题,《铁路旅客运输服务质量规范》规定，动车组列车，指由若干带动力的车辆以固定编组组成、两端设有司机室的一组列车。,,,,,N
72,判断题,《铁路旅客运输服务质量规范》规定，落地玻璃前有防撞装置或警示图形标志。,,,,,N
73,判断题,《铁路旅客运输服务质量规范》规定，穿鞋的颜色为深色系。,,,,,Y
74,判断题,《铁路旅客运输服务质量规范》规定，售票员、验证人员、安检值机人员等坐姿作业人员可不戴制帽，其他人员执行职务时应戴制帽。,,,,,Y
75,判断题,《铁路旅客运输服务质量规范》规定，有空调的服务处所温度调节适宜，体感舒适，保持冬季18℃～20℃，夏季26℃～28℃。,,,,,N
76,判断题,"《铁路旅客运输服务质量规范》规定，视频监控系统录像资料留存时间不少于15天。
",,,,,N
77,判断题,《铁路旅客运输服务质量规范》规定，售票处、问讯处（服务台）、高铁快件营业场所、软席候车室照明照度不低于150勒克斯。,,,,,Y
78,判断题,《铁路旅客运输服务质量规范》规定，候车区、行包营业厅照明照度不低于100勒克斯。,,,,,Y
79,判断题,《铁路旅客运输服务质量规范》规定，车站应公布本单位受理投诉电话、通讯地址、邮政编码。,,,,,N
80,判断题,《铁路旅客运输服务质量规范》规定，照度（平面照度），指单位面积的光通量，单位为勒克斯（lKx）。,,,,,N
81,判断题,《铁路旅客运输服务质量规范》规定，重点旅客，指老、幼、病、残、孕旅客。,,,,,Y
82,判断题,《铁路旅客运输服务质量规范》规定，特殊重点旅客是指依靠辅助器具才能行动等需特殊照顾的重点旅客。,,,,,Y
83,判断题,《铁路旅客运输服务质量规范》规定，各站台设有出站方向标志，实行便捷换乘的有便捷换乘标志。,,,,,Y
84,判断题,《铁路旅客运输服务质量规范》要求，业务办理符合规定，票据、台账、报表填写清晰。,,,,,N
85,判断题,《铁路旅客运输服务质量规范》，车站工作人员在接班前和工作中不食异味食品。,,,,,Y
86,判断题,《铁路旅客运输服务质量规范》，客运人员每人配置具备录音功能的手持电台和音视频记录仪，其他岗位按需配备，作用良好。,,,,,Y
87,判断题,《铁路旅客运输服务质量规范》规定，身体健康，五官端正，持有效健康证明。新职人员具备高中（职高、中专）及以上文化程度。,,,,,Y
88,判断题,《铁路旅客运输服务质量规范》规定，进出站地道围栏、无障碍电梯、广告牌、垃圾箱（桶）、基本站台栅栏等站台设施，应设置便于列车内旅客以正常视角快速识别的站名标志。,,,,,N
89,判断题,《铁路旅客运输服务质量规范》规定，高铁车站确认列车旅客乘降、上水、吸污和高铁快运、餐车物品装卸作业完毕后，使用无线对讲设备通知列车长可以开车。,,,,,N
90,判断题,《普速大型车站服务质量规范》，少数民族自治地区车站可按规定增加当地通用的民族语言文字。,,,,,Y
91,判断题,《铁路旅客运输服务质量规范》规定，配备自动售票机具备现金或银行卡支付功能。,,,,,Y
92,判断题,《铁路旅客运输服务质量规范》规定，安全设备设施配备齐全到位，作用良好。,,,,,Y
93,判断题,《铁路旅客运输服务质量规范》规定，安全标志使用正确，位置恰当，便于辨识。,,,,,Y
94,判断题,《普速大型车站服务质量规范》，车站售票、补票场所可设置银行自助存取款机。,,,,,N
95,判断题,《铁路旅客运输服务质量规范》规定，头发干净整齐、发型自然，不理奇异发型，不剃光头。,,,,,N
96,判断题,"《铁路旅客运输服务质量规范》规定，系领带时,衬衣下摆可束在裙子或裤子内或置于外。",,,,,N
97,判断题,《铁路旅客运输服务质量规范》规定，外露的皮带应为棕色或黑色。,,,,,N
98,判断题,《铁路旅客运输服务质量规范》规定，工作人员应使用普通话，表达准确，口齿清晰。,,,,,Y
99,判断题,《铁路旅客运输服务质量规范》规定，遇旅客问讯时，面向旅客站立（售票员、封闭式问讯处工作人员办理业务时除外）。,,,,,Y
100,判断题,《铁路旅客运输服务质量规范》规定，遇有工作失误时，应向旅客表示歉意。,,,,,Y
101,判断题,《铁路旅客运输服务质量规范》规定，遇有失误时，向旅客表示歉意。对旅客的配合与支持，表示理解。,,,,,N
102,判断题,《铁路旅客运输服务质量规范》规定，女性淡妆上岗，保持妆容美观，不浓妆艳抹，不染彩色指甲。,,,,,Y
103,判断题,《铁路旅客运输服务质量规范》规定，对旅客、货主称呼恰当，统称为“旅客们”“各位旅客”“旅客朋友”，单独称为“先生、女士、小朋友、同志”等。,,,,,Y
104,判断题,《铁路旅客运输服务质量规范》规定，女性可双手四指并拢，交叉相握，左手叠放在右手之上，自然垂于腹前；右脚靠在左脚内侧，夹角为45°呈“丁”字形。,,,,,N
105,判断题,《铁路旅客运输服务质量规范》规定，实行首问首诉负责制，旅客问讯时，有问必答，回答准确；对旅客提出的问题不能解决时，指引到相应岗位，并做好耐心解释。,,,,,Y
106,判断题,《铁路旅客运输服务质量规范》规定，接听电话时，先向旅客通报单位和姓名。,,,,,N
107,判断题,《铁路旅客运输服务质量规范》规定，票据填写规范，内容准确、无涂改，按规定加盖站名戳或名章。,,,,,N
108,判断题,《铁路旅客运输服务质量规范》规定，营运进款结算准确，票据、现金入柜加锁，及时解款。,,,,,Y
109,判断题,《铁路旅客运输服务质量规范》规定，各工种按岗位责任各负其责，相互协作，落实作业标准。,,,,,Y
110,判断题,《铁路旅客运输服务质量规范》规定，定期开展职业技能培训，培训内容适应岗位要求，评判准确。,,,,,Y
111,判断题,《铁路旅客运输服务质量规范》规定，业务资料配置到位，内容修改及时、正确。,,,,,Y
112,判断题,《铁路旅客运输服务质量规范》中人员素质要求包括：身体健康，五官端正。新职人员具备高中（职高、中专）及以上文化程度。,,,,,N
113,判断题,《铁路旅客运输服务质量规范》中人员素质要求包括：工作人员持有效上岗证，经过岗前安全、技术业务培训合格。,,,,,Y
114,判断题,《铁路旅客运输服务质量规范》中人员素质要求包括：要熟练使用本岗位相关设备设施，熟知本岗位业务知识和职责，掌握本岗位应急处置作业流程，具备应对突发事件的能力。,,,,,Y
115,判断题,《铁路旅客运输服务质量规范》规定，车站要定期分析安全和服务质量状况，有针对性具体整改措施。,,,,,Y
116,判断题,《铁路旅客运输服务质量规范》规定，对重点旅客优先购票、优先进站、优先检票上车。,,,,,Y
117,判断题,《铁路旅客运输服务质量规范》规定，根据需求为特殊重点旅客提供帮助，有服务，有交接，有通报。,,,,,Y
118,判断题,《铁路旅客运输服务质量规范》规定，车站进站大厅设置进站显示屏。,,,,,Y
119,判断题,按照《铁路旅客运输服务质量规范》规定，除普速小型车站外，车站日常售票窗口排队不超过20人。,,,,,Y
120,判断题,《铁路旅客运输服务质量规范》规定，除普速小型车站外，其它车站售票窗口设置、开放的数量适应客流量，窗口排队不超过20人。,,,,,N
121,判断题,《铁路旅客运输服务质量规范》规定，普速小型车站售票窗口设置、开放适应客流量。,,,,,Y
122,判断题,《铁路旅客运输服务质量规范》规定，停止检票前，通告候车室，无漏乘；停止检票时，关闭检票口，通告候车室和站台。,,,,,Y
123,判断题,《铁路旅客运输服务质量规范》规定，车站售票、候车场所、站台可设置银行自助存取款机。,,,,,N
124,判断题,《铁路旅客运输服务质量规范》规定，退票、改签窗口配备二维码扫描仪，电子支付窗口配备POS机。,,,,,Y
125,判断题,《铁路旅客运输服务质量规范》规定，车站售票、候车场所可设置银行自助存取款机。,,,,,Y
126,判断题,《铁路旅客运输服务质量规范》规定，对无票、日期车次不符、减价不符、票证人不一致等人员按规定拒绝进站、乘车。,,,,,Y
127,判断题,《铁路旅客运输服务质量规范》规定，遇车底变更时，车站按车底变更计划调整席位，组织旅客换乘，告知列车，并按规定办理改签、退票。,,,,,Y
128,判断题,《铁路旅客运输服务质量规范》规定，车站售票窗口设置工号牌或采用电子显示屏，显示售票人员姓名、工号、本人正面二寸工作服彩色白底照片等信息。,,,,,N
129,判断题,《铁路旅客运输服务质量规范》规定，按规定实行实名制验证，核验车票、有效身份证件原件、旅客的一致性。,,,,,Y
130,判断题,《铁路旅客运输服务质量规范》规定，发生旅客人身伤害、突发疾病或接受列车移交的伤、病人员时，及时联系医疗机构。,,,,,Y
131,判断题,《高铁中型及以上车站服务质量规范》，售票处、候车区、站台可有自助查询终端，内容完整、准确。,,,,,N
132,判断题,《铁路旅客运输服务质量规范》规定，车站电子支付窗口配备POS机。,,,,,Y
133,判断题,《铁路旅客运输服务质量规范》规定，遇售票系统故障时，组织维护部门进行故障排查，按规定启用应急售票、换票程序。,,,,,Y
134,判断题,《铁路旅客运输服务质量规范》规定，客运值班员、售票值班员、客运计划员、综控室操作人员从事客运服务工作满3年。,,,,,N
135,判断题,《中国铁路上海局集团有限公司普速铁路客运非正常情况应急处置办法》（上铁客〔2018〕354号）规定，车站发生火灾、爆炸，车站工作人员要协助公安人员维持现场秩序，保护事故现场。,,,,,Y
136,判断题,《中国铁路上海局集团有限公司普速铁路客运非正常情况应急处置办法》（上铁客〔2018〕354号）规定，车站发生火灾、爆炸，车站工作人员要查明火灾、爆炸原因，以利侦查破案。,,,,,N
137,判断题,《中国铁路上海局集团有限公司普速铁路客运非正常情况应急处置办法》（上铁客〔2018〕354号）规定，车站发生火灾、爆炸事故时车站工作人员应迅速切断车站的电源，防止火势蔓延。,,,,,N
138,判断题,《中国铁路上海局集团有限公司普速铁路客运非正常情况应急处置办法》（上铁客〔2018〕354号）规定，车站突发大客流时售票值班窗口要认真做好旅客问询解答工作，及时为旅客办理有关改签、有效期延长等相关业务。,,,,,Y
139,判断题,《中国铁路上海局集团有限公司普速铁路客运非正常情况应急处置办法》（上铁客〔2018〕354号）规定，车站突发大客流时站段要按需向集团公司客票所申请停售、限售、增开临客等业务，根据列车调整方案和临客开行计划，强化售票组织措施，采取增开售票窗口、改签措施，及时疏散票厅内积压旅客。,,,,,N
140,判断题,《中国铁路上海局集团有限公司高速铁路客运非正常情况应急处置办法》（上铁客〔2018〕355号)规定，在车站内组织旅客换乘热备动车组时，站、车应加强配合，共同做好旅客的宣传引导、席位安排、服务等工作，尽量满足旅客的合理需求。,,,,,Y
141,判断题,《中国铁路上海局集团有限公司高速铁路客运非正常情况应急处置办法》（上铁客〔2018〕355号)规定，在车站内组织旅客换乘热备动车组时，因临时更换车底定员小于原车底，导致部分旅客无席位调整时，应提前向旅客说明情况，引导旅客办理改签或退票，做好坚持旅行旅客的站车交接工作。,,,,,Y
142,判断题,《中国铁路上海局集团有限公司高速铁路客运非正常情况应急处置办法》（上铁客〔2018〕355号)规定，得到列车晚点信息后，车站要立即与集团公司客运部联系，合理控制相关列车剩余票额，做好旅客改签、退票工作。,,,,,N
143,判断题,《中国铁路上海局集团有限公司高速铁路客运非正常情况应急处置办法》（上铁客〔2018〕355号)规定，车站突发大客流时，售票值班窗口要认真做好旅客问询解答工作，及时为旅客办理有关改签、有效期延长等相关业务。,,,,,Y
144,判断题,《中国铁路上海局集团有限公司高速铁路客运非正常情况应急处置办法》（上铁客〔2018〕355号)规定，车站突发大客流时，站段要按需向集团公司客票所申请停售、限售、增开临客等业务，根据列车调整方案和临客开行计划，强化售票组织措施，采取增开售票窗口、退票、改签等措施，及时疏散票厅内积压旅客。,,,,,Y
1,简答题,《铁路旅客运输规程》（铁运〔1997〕101号）规定，、承运人与旅客、托运人、收货人因合同纠纷产生索赔或互相间要求办理退补费用的有效期为多少？有效期应如何计算？,,,,,"承运人与旅客、托运人、收货人因合同纠纷产生索赔或互相间要求办理退补费用的有效期为一年。有效期从下列日期起计算：
　　1．身体损害和随身携带品损失时，为发生事故的次日；
　　2．行李、包裹全部损失时为运到期终了的次日；部分损失时为交付的次日；
　　3．给铁路造成损失时，为发生事故的次日；
　　4．多收或少收运输费用时，为核收该项费用的次日。
　　责任方自接到赔偿要求书的次日起，一般应于30天内向赔偿要求人做出答复并尽快办理赔偿。多收或少收时应于30天内退补完毕。"
2,简答题,"《铁路旅客运输规程》（铁运〔1997〕101号）规定，旅客的基本权利有哪些？ 
　",,,,,"1．依据车票票面记载的内容乘车；
2．要求承运人提供与车票等级相适应的服务并保障其旅行安全；
3．对运送期间发生的身体损害有权要求承运人赔偿；
4．对运送期间因承运人过错造成的随身携带物品损失有权要求承运人赔偿。"
3,简答题,"《铁路旅客运输规程》（铁运〔1997〕101号）规定，旅客的基本义务有哪些？
　　",,,,,"1．支付运输费用，当场核对票、款，妥善保管车票，保持票面信息完整可识别；
2．遵守国家法令和铁路运输规章制度，听从铁路车站、列车工作人员的引导，按照车站的引导标志进、出站；
3．爱护铁路设备、设施，维护公共秩序和运输安全；
4．对所造成铁路或者其他旅客的损失予以赔偿。"
4,简答题,"《铁路旅客运输规程》（铁运〔1997〕101号）规定，承运人的基本权利有哪些？
　　
　",,,,,"1．依照规定收取运输费用；
2．要求旅客遵守国家法令和铁路规章制度，保证安全；
3．对损害他人利益和铁路设备、设施的行为有权制止、消除危险和要求赔偿。"
5,简答题,"《铁路旅客运输规程》（铁运〔1997〕101号）规定，承运人的基本义务有哪些？
　　",,,,,"1．确保旅客运输安全正点；
2．为旅客提供良好的旅行环境和服务设施，不断提高服务质量，文明礼貌地为旅客服务；
3．对运送期间发生的旅客身体损害予以赔偿；
4．对运送期间因承运人过错造成的旅客随身携带物品损失予以赔偿。"
6,简答题,"《铁路旅客运输规程》（铁运〔1997〕101号）规定，铁路旅客运输合同的含义和其凭证是什么？

",,,,,"1.铁路旅客运输合同是明确承运人与旅客之间权利义务关系的协议。起运地承运人依据本规程订立的旅客运输合同对所涉及的承运人具有同等约束力。
2.铁路旅客运输合同的基本凭证是车票。
3.其它凭证还有铁路乘车证和特种乘车证。"
7,简答题,"《铁路旅客运输规程》（铁运〔1997〕101号）规定，普通旅客车票分为哪几部分？附加票发售使用规定？
",,,,,"1.车票中包括客票和附加票两部分。客票部分为软座、硬座。附加票部分为加快票、卧铺票、空调票。
2.附加票是客票的补充部分，可以与客票合并发售，但除儿童外不能单独使用。"
8,简答题,《铁路旅客运输规程》（铁运〔1997〕101号）规定，铁路旅客运输合同的时效如何确定？运送期间如何确定？,,,,,铁路旅客运输合同从售出车票时起成立，至按票面规定运输结束旅客出站时止，为合同履行完毕。旅客运输的运送期间自检票进站起至到站出站时止计算。
9,简答题,《铁路旅客运输规程》（铁运〔1997〕101号）规定，儿童票的发售规定有哪些？,,,,,"承运人一般不接受儿童单独旅行（乘火车通学的学生和承运人同意在旅途中监护的除外）。
随同成人旅行身高1.2~1.5米的儿童，应当购买儿童票；
超过1.5米时应买全价票。每一成人旅客可免费携带一名身高不足1.2米的儿童，超过一名时，超过的人数应买儿童票。
儿童票的座别应与成人车票相同，其到站不得远于成人车票的到站。
免费乘车及持儿童票乘车的儿童单独使用卧铺时，应当补收票价差额。"
10,简答题,《铁路旅客运输规程》（铁运〔1997〕101号）规定，学生票的发售规定有哪些？,,,,,"在普通大专院校（含国家教育主管部门批准有学历教育资格的民办大学），军事院校，中、小学和中等专业学校、技工学校就读，没有工资收入的学生、研究生，家庭居住地和学校不在同一城市时，凭附有加盖院校公章的减价优待证的学生证（小学生凭书面证明），每年可购买家庭至院校（实习地点）之间四次单程的学生票。新生凭录取通知书、毕业生凭学校书面证明可买一次学生票。学生票限于使用普通旅客列车硬座和动车组列车二等座，使用普通旅客列车硬卧时应当补收票价差额。
华侨学生和港澳台学生按照上述规定同样办理。
发售学生票时应以近径路或换乘次数少的列车发售。"
11,简答题,《铁路旅客运输规程》（铁运〔1997〕101号）规定，哪列情况不能发售学生票？,,,,,"1．学校所在地有学生父或母其中一方时；
2．学生因休学、复学、转学、退学时；
3．学生往返于学校与实习地点时；
4．学生证未按时办理学校注册的；
5．学生证优惠乘车区间更改但未加盖学校公章的；
6．没有“学生火车票优惠卡”、“学生火车票优惠卡”不能识别或者与学生证记载不一致的。"
12,简答题,《铁路旅客运输规程》（铁运〔1997〕101号）规定，车票的有效期如何计算？,,,,,"直达票当日当次有效，但下列情形除外：
　　（1）全程在铁路运输企业管内运行的动车组列车车票有效期由企业自定。
　　（2）有效期有不同规定的其他票种。
通票的有效期按乘车里程计算：1 000千米为2日，超过1 000千米的，每增加1 000千米增加1日，不足1 000千米的尾数按1日计算；自指定乘车日起至有效期最后一日的24时止。"
13,简答题,《铁路旅客运输规程》（铁运〔1997〕101号）规定，遇有哪些情况可延长通票的有效期？,,,,,"1．因列车满员、晚点、停运等原因，使旅客在规定的有效期内不能到达站时，车站可视实际需要延长通票的有效期。延长日数从通票有效期终了的次日起计算。
2．旅客因病中途下车、恢复旅行时，在通票有效期内，出具医疗单位证明或经车站证实时，可按医疗日数延长有效期，但最多不超过10天；卧铺票不办理延长，可办理退票手续；同行人同样办理。"
14,简答题,"《铁路旅客运输规程》（铁运〔1997〕101号）规定，旅客乘坐卧铺有哪些规定？
",,,,,"对乘坐卧铺的旅客，列车可以收取车票并予集中保管。收取车票时，应当换发卧铺证；旅客下车前，凭卧铺证换回车票。
成人带儿童或儿童与儿童可共用一个卧铺。"
15,简答题,"《铁路旅客运输规程》（铁运〔1997〕101号）规定，旅客原因办理改签或签证时如何补退票价差额？
",,,,,"办理“车票改签”时，新车票票价高于原车票的，补收差额；新车票票价低于原车票的，退还差额，同样对差额部分核收退票费并执行现行退票费标准。
旅客办理中转签证或在列车上办理补签、变更席（铺）位时，签证或变更后的车次、席（铺）位票价高于原票价时，核收票价差额；签证或变更后的车次、席（铺）位票价低于原票价时，票价差额部分不予退还。"
16,简答题,"《铁路旅客运输规程》（铁运〔1997〕101号）规定，因承运人责任使旅客不能按票面记载的日期、车次、座别、铺别乘车时，站、车应如何处理？
",,,,,因承运人责任使旅客不能按票面记载的日期、车次、座别、铺别乘车时，站、车应重新妥善安排。重新安排的列车、座席、铺位高于原票等级时，超过部分票价不予补收。低于原票等级时，应退还票价差额，不收退票费。
17,简答题,《铁路旅客运输规程》（铁运〔1997〕101号）规定，办理变径的条件是什么？如何办理？,,,,,持通票的旅客在中转站和列车上要求变更径路时，必须在通票有效期能够到达到站时方可办理。办理时，原票价低于变径后的票价时，应补收新旧径路里程票价差额，核收手续费；原票价高于或相当于变更后的径路票价时，持原票乘车有效，差额部分（包括列车等级不符的差额）不予退还。
18,简答题,《铁路旅客运输规程》（铁运〔1997〕101号）规定，发现误售、误购车票如何处理？,,,,,    答：发生车票误售、误购时，在发站应换发新票。在中途站、原票到站或列车内应补收票价时，换发代用票，补收票价差额。应退还票价时，站、车应编制客运记录交旅客，作为乘车至正当到站要求退还票价差额的凭证，并应以最方便的列车将旅客运送至正当到站，均不收取手续费或退票费。
19,简答题,《铁路旅客运输规程》（铁运〔1997〕101号）规定，对违反国家法律、法规，寻衅滋事、扰乱公共秩序的旅客站车应如何处理？,,,,,对违反国家法律、法规，在站内、列车内寻衅滋事、扰乱公共秩序的人，站、车均可拒绝其上车或责令其下车；情节严重的送交公安部门处理；对未使用至到站的票价不予退还，并在票背面做相应的记载，运输合同即行终止。
20,简答题,《铁路旅客运输规程》（铁运〔1997〕101号）规定，因承运人责任致使旅客退票时按哪些规定办理？,,,,,"答：因承运人责任致使旅客退票时按下列规定办理，不收退票费：
1．在发站，退还全部票价。
2．在中途站，退还已收票价与已乘区间票价差额，已乘区间不足起码里程时，退还全部票价。
3．在到站，退还已收票价与已使用部分票价差额。未使用部分不足起码里程按起码里程计算。
4．空调列车因空调设备故障在运行过程中不能修复时，应退还未使用区间的空调票价。"
21,简答题,《铁路旅客运输规程》（铁运〔1997〕101号）规定，发生线路中断旅客要求退票时应如何处理？,,,,,发生线路中断旅客要求退票时，在发站（包括中断运输站返回发站的）退还全部票价，在中途站退还已收票价与已乘区间票价差额，不收退票费，但因违章加收的部分和已使用至到站的车票不退。如线路中断系承运人责任时，按本规程第四十九条处理。
22,简答题,《铁路旅客运输规程》（铁运〔1997〕101号）规定，旅客免费携带品的重量和体积有何规定？,,,,,"旅客携带品由自己负责看管。每人免费携带品的重量和体积是：
儿童（含免费儿童）10千克，外交人员35千克，其他旅客20千克。每件物品外部尺寸长、宽、高之和不超过160厘米，杆状物品不超过200厘米，但乘坐动车组列车不超过130厘米；重量不超过20千克。
残疾人旅行时代步的折叠式轮椅可免费携带并不计入上述范围。"
23,简答题,《铁路旅客运输办理细则》（铁运〔1997〕103号）规定，旅客运输组织工作的主要内容是什么？,,,,,"旅客运输组织工作要从方便旅客出发，全面安排，按照长短途列车分工、换乘优先、保证重点的原则，合理、经济地使用运输能力，均衡地组织运输。
站、车间应协调、配合，发生问题应本着以站保车的原则积极处理。站、车发生纠纷，在责任、原因不明时，站、车双方均不得以任何理由阻碍开车，造成列车晚点。"
24,简答题,《铁路旅客运输办理细则》（铁运〔1997〕103号）规定，旅客运输组织工作的原则是什么？,,,,,要本着旅客至上的原则，坚持人民铁路为人民的服务宗旨，周到热情为旅客服务。对旅客在旅行中发生的困难应千方百计予以解决。
25,简答题,《铁路旅客运输办理细则》（铁运〔1997〕103号）规定，学生票中的学校是如何定义的？,,,,,普通大、专院校，中、小学和中等专业学校、技工学校是指符合政府教育部门所规定的年限、学期和课程等制度并经相应级别的教育机关注册的院校，不包括各类职工大学、电视大学、业余广播大学、函授学校。
26,简答题,《铁路旅客运输办理细则》（铁运〔1997〕103号）规定，学生票中“没有工资收入的学生”具体含义是什么？,,,,,学生票中“没有工资收入的学生”，是指没有固定工资收入的学生。学生有无工资收入，由学校确定，铁路凭学校发给的减价优待证售票。如能够确认有工资收入的学生持减价优待证购票时，车站可以拒绝发售学生票，并通知学校处理。
27,简答题,《铁路旅客运输办理细则》（铁运〔1997〕103号）规定，学生票分段发售有何规定？,,,,,学生购买联程票或乘车区间涉及动车组列车的，可分段购票。学生票分段发售时，由发售第一段车票的车站在学生优惠卡中划销次数，中转站凭上一段车票售票，不再划销乘车次数。
28,简答题,《铁路旅客运输办理细则》（铁运〔1997〕103号）规定，填写代用票记事栏内应记载的事项包括哪些？,,,,,"1）发售学生票时，记载“学”字。
2）发售包车时，注明包车的车种、车号和定员数。
3）办理团体票时，注明团体旅客证的起止号。
4）在列车上发生退款时，应注明“到站净退××元”。
5）其他需记载的事项。"
29,简答题,《铁路旅客运输办理细则》（铁运〔1997〕103号）规定，代用票票价栏填写有哪些要求？,,,,,票价栏按收费种别分别填写在适当栏内。其他费用应在空白栏内注明收费种别和款额，卧铺栏前加“上、中、下”，不用栏用斜线划消，合计栏为所收款总计。补收过程中有退款相冲抵时，退款金额前用减号表示。发生退款时在空白栏注明退款种别，在合计栏的金额数前用减号表示退款额。
30,简答题,《铁路旅客运输办理细则》（铁运〔1997〕103号）规定，发现烈性传染病患者应如何处理？,,,,,对烈性传染病患者（尤其是对人身健康危害严重、有暴发性流行可能的疾病患者），车站发现时应告之铁路规定并给予办理退票手续。列车上发现时，列车长编制客运记录交车站。必要时，应通知铁路防疫部门处理污染现场。
31,简答题,《铁路旅客运输办理细则》（铁运〔1997〕103号）规定，发生误售、误购时，站、车应如何处理？,,,,,因站名相似或口音不同发生误售、误购时，站、车均应积极主动处理。应补收时，补收正当到站票价与已收票价的差额，收回原票。换发代用票。应退还时，凭原票和客运记录乘车至到站退款。
32,简答题,《铁路旅客运输办理细则》（铁运〔1997〕103号）规定，对于在列车内寻衅滋事的旅客站、车应如何处理？,,,,,对于在列车内寻衅滋事，扰乱公共秩序被列车工作人员责令下车的旅客，列车应编制客运记录交车站。车站工作人员对在站内发现的和列车移交的上述旅客应带出站外，情节严重者应送交公安部门处理。对被站、车拒绝乘车和责令下车旅客的车票应在车票背面做相应记载，作为不予改签或退票的依据。
33,简答题,《铁路旅客运输服务质量规范》对业务揭示方面有何要求？,,,,,根据各服务处所和服务设备设施的功能、用途设置揭示揭挂，采取电子显示屏、公告栏等方式公布规章文电摘抄、旅客乘车安全须知、客运杂费收费标准等服务信息。
34,简答题,《铁路旅客运输服务质量规范》中对客运人员着装有何要求？,,,,,"1)按岗位换装统一，衣扣拉链整齐。着裙装时，丝袜统一，无破损。
2)系领带时，衬衣束在裙子或裤子内。
3)外露的皮带为黑色。
4)佩戴的外露饰物款式简洁，限手表一只、戒指一枚，女性还可佩戴发夹、发箍或头花及一副直径不超过3毫米的耳钉。
5)不歪戴帽子，不挽袖子和卷裤脚，不敞胸露怀，不赤足穿鞋，不穿尖头鞋、拖鞋、露趾鞋，鞋的颜色为深色系，鞋跟高度不超过3.5厘米，跟径不小于3.5厘米。"
35,简答题,《铁路旅客运输服务质量规范》对客运人员的举止动作“四不”的要求是什么？,,,,,不高声喧哗、嬉笑打闹、勾肩搭背，不在旅客面前吃食物、吸烟、剔牙齿和出现其他不文明、不礼貌的动作，不对旅客评头论足，接班前和工作中不食用异味食品。
36,简答题,《铁路旅客运输服务质量规范》中对工作人员发型有何要求？,,,,,头发干净整齐、颜色自然，不理奇异发型、不剃光头。男性两侧鬓角不得超过耳垂底部，后部不长于衬衣领，不遮盖眉毛、耳朵，不烫发，不留胡须；女性发不过肩，刘海长不遮眉，短发不短于7厘米。
37,简答题,《铁路旅客运输服务质量规范》中对工作人员面部、手部有何要求？,,,,,面部、双手保持清洁，指甲修剪整齐，长度不超过指尖2毫米，身体外露部位无纹身。女性淡妆上岗，保持妆容美观，不浓妆艳抹，不染彩色指甲。
38,简答题,《铁路旅客运输服务质量规范》中对工作人员佩戴职务标志有何要求？,,,,,佩戴职务标志（售票员除外），胸章牌（长方形职务标志）戴于左胸口袋上方正中，下边沿距口袋１厘米处（无口袋的戴于相应位置），包含单位、姓名、职务、工号等内容。臂章佩戴在上衣左袖肩下四指处。售票员、验证人员、安检值机人员等坐姿作业人员可不戴制帽，其他人员执行职务时应戴制帽，帽徽在制帽折沿上方正中。
39,简答题,《铁路旅客运输服务质量规范》中对旅客问讯时有何要求？,,,,,旅客问讯时，面向旅客站立（售票员、封闭式问讯处工作人员办理业务时除外），目视旅客，有问必答，回答准确，解释耐心。遇有失误时，向旅客表示歉意。对旅客的配合与支持，表示感谢。
40,简答题,《铁路旅客运输服务质量规范》中对车站视频监控系统有何规定？,,,,,视频监控系统覆盖车站各服务处所，具备自动录像功能。录像资料留存时间不少于15天，涉及旅客人身伤害、扰乱车站公共秩序等重要的视频资料为一年。
41,简答题,《铁路旅客运输服务质量规范》中对服务语言表达有何规定？,,,,,服务语言表达规范、准确，使用“请、您好、谢谢、对不起、再见”等服务用语。对旅客、货主称呼恰当，统称为“旅客们”“各位旅客”“旅客朋友”，单独称为“先生、女士、小朋友、同志”等。
42,简答题,《铁路旅客运输服务质量规范》中对客运人员立岗姿势规范有何规定？,,,,,立岗姿势规范，精神饱满。站立时，挺胸收腹，两肩平衡，身体自然挺直，双臂自然下垂，手指并拢贴于裤线上，脚跟靠拢，脚尖略向外张呈“V”字形。女性可双手四指并拢，交叉相握，右手叠放在左手之上，自然垂于腹前；左脚靠在右脚内侧，夹角为45°呈“丁”字形。
43,简答题,《铁路旅客运输服务质量规范》中对站台客运人员迎送列车的规定？,,,,,迎送列车时，足靠安全线，不侵入安全线外，面向列车方向目迎目送，以列车进入站台开始，开出站台为止。办理交接时行举手礼，右手五指并拢平展，向内上方举手至帽沿右侧边沿，小臂形成45°角。
44,简答题,简述《铁路旅客运输服务质量规范》客运组织中对窗口售票的要求？,,,,,"1)日常窗口排队不超过20人（普速小型车站除外）。
2)办理售票、退票、改签、换票、取票、变更到站、挂失补办、中转签证等业务，发售学生票、残疾军人票、乘车证签证等各种车票，支持现金、银行卡等支付方式。
3)在售票处醒目位置公布售票时间和停售时间。
4)工作时间内暂停售票时设有提示。
5)用餐或交接班时间实行错时暂停售票。
6)票据、现金妥善保管，票面完整、清晰。票据填写规范，内容准确、无涂改，按规定加盖站名戳和名章。"
45,简答题,《铁路旅客运输服务质量规范》中服务重点旅客“三优先”、服务特殊重点旅客“三有”的内容是如何规定的？,,,,,重点旅客优先购票、优先进站、优先检票上车。根据需求为特殊重点旅客提供帮助，有服务，有交接，有通报。
46,简答题,《铁路旅客运输服务质量规范》中对普速列车晚点30分钟以上时车站应如何处理？,,,,,列车晚点30分钟以上时，根据调度通报，公告列车晚点信息，说明晚点原因，晚点时间，广播每次间隔不超过30分钟。电子显示屏实时显示。按规定办理退票、改签，协调市政交通衔接。
47,简答题,《铁路旅客运输服务质量规范》中对高铁车站列车晚点15分钟以上时车站应如何处理？,,,,,列车晚点15分钟以上时，根据调度通报，公告列车晚点信息，说明晚点原因、预计晚点时间，广播每次间隔不超过30分钟。电子显示屏实时显示。按规定办理退票、改签或逢餐点提供免费饮食品，协调市政交通衔接。
48,简答题,《铁路旅客运输服务质量规范》规定，售票窗口应配备哪些设备？,,,,,售票窗口配备桌椅、计算机、制票机、居民身份证阅读器、双向对讲器、窗口屏、保险柜、验钞机等售票设备及具有录像、拾音、录音功能的监控设备，发售学生票、残疾军人票的窗口配备学生优惠卡、残疾军人证的识读器，退票、改签窗口配备二维码扫描仪，电子支付窗口配备POS机。
49,简答题,《铁路旅客运输服务质量规范》规定，售票窗口办理哪些业务？,,,,,办理售票、退票、改签、换票、取票、变更到站、挂失补办、中转签证等业务，发售学生票、残疾军人票、乘车证签证等各种车票，支持现金、银行卡等支付方式。
50,简答题,《铁路旅客运输服务质量规范》规定，遇列车在车站空调失效时应如何处理？,,,,,遇列车在车站空调失效时，站车共同组织；必要时，组织旅客下车、换乘其他列车或疏散到车站安全处所。到站按规定退还票价差额。
